timestamp,open,high,low,close,volume
2025-01-23 01:00:00,103307.51000000,103653.84000000,102588.15000000,102931.94000000,1272.26098000
2025-01-23 02:00:00,102931.94000000,102983.39000000,102100.00000000,102655.34000000,1943.13807000
2025-01-23 03:00:00,102655.34000000,103007.75000000,102197.34000000,102461.25000000,785.20592000
2025-01-23 04:00:00,102461.24000000,102493.15000000,101575.50000000,102075.22000000,1629.12288000
2025-01-23 05:00:00,102075.21000000,102639.36000000,102000.00000000,102532.52000000,890.29202000
2025-01-23 06:00:00,102532.52000000,102968.31000000,102209.23000000,102256.70000000,596.11322000
2025-01-23 07:00:00,102256.71000000,102803.20000000,102084.51000000,102710.27000000,806.65241000
2025-01-23 08:00:00,102710.28000000,102724.94000000,102060.00000000,102215.75000000,613.31177000
2025-01-23 09:00:00,102215.75000000,102467.73000000,101650.00000000,101672.01000000,896.38504000
2025-01-23 10:00:00,101672.00000000,102072.72000000,101262.28000000,101683.61000000,1022.21944000
2025-01-23 11:00:00,101683.61000000,102195.03000000,101683.60000000,101944.49000000,682.04550000
2025-01-23 12:00:00,101944.50000000,102135.05000000,101401.31000000,101635.58000000,878.62297000
2025-01-23 13:00:00,101635.59000000,102709.93000000,101281.62000000,102512.28000000,1288.57422000
2025-01-23 14:00:00,102512.28000000,106050.86000000,101989.81000000,105213.50000000,5857.46597000
2025-01-23 15:00:00,105213.60000000,105792.00000000,102643.49000000,105263.52000000,9216.36495000
2025-01-23 16:00:00,105263.52000000,106850.00000000,105028.00000000,105139.18000000,5160.86951000
2025-01-23 17:00:00,105139.18000000,106230.42000000,104211.00000000,105927.78000000,1979.38581000
2025-01-23 18:00:00,105927.78000000,106142.46000000,105100.00000000,105424.39000000,1193.91319000
2025-01-23 19:00:00,105424.39000000,105514.73000000,103399.98000000,103770.04000000,1841.09666000
2025-01-23 20:00:00,103770.05000000,106421.03000000,102559.20000000,103284.48000000,9302.16037000
2025-01-23 21:00:00,103284.01000000,103410.57000000,102195.70000000,103079.08000000,2569.80136000
2025-01-23 22:00:00,103079.08000000,104700.00000000,102981.07000000,103978.82000000,1845.24984000
2025-01-23 23:00:00,103978.82000000,104544.48000000,103776.06000000,103910.34000000,723.19154000
2025-01-24 00:00:00,103910.35000000,104157.98000000,103424.58000000,103446.62000000,794.72778000
2025-01-24 01:00:00,103446.62000000,103900.00000000,103039.87000000,103234.30000000,733.04731000
2025-01-24 02:00:00,103234.30000000,103545.39000000,102956.72000000,103016.01000000,790.61956000
2025-01-24 03:00:00,103016.00000000,104298.00000000,102750.00000000,103891.75000000,1466.83904000
2025-01-24 04:00:00,103891.75000000,104924.40000000,103804.77000000,104631.99000000,924.65561000
2025-01-24 05:00:00,104631.98000000,105262.13000000,104543.21000000,105222.15000000,885.69764000
2025-01-24 06:00:00,105222.15000000,105355.00000000,104628.00000000,104991.01000000,677.90826000
2025-01-24 07:00:00,104991.01000000,105181.82000000,104660.00000000,105046.80000000,654.23540000
2025-01-24 08:00:00,105046.79000000,105650.00000000,104922.41000000,105500.76000000,938.64874000
2025-01-24 09:00:00,105500.76000000,105759.00000000,105053.80000000,105146.67000000,853.12570000
2025-01-24 10:00:00,105146.67000000,105428.00000000,105051.46000000,105416.75000000,671.89744000
2025-01-24 11:00:00,105416.75000000,105527.69000000,105214.15000000,105420.10000000,516.72232000
2025-01-24 12:00:00,105420.11000000,105586.29000000,105183.65000000,105526.58000000,627.41495000
2025-01-24 13:00:00,105526.58000000,105793.61000000,104982.03000000,105118.07000000,752.61070000
2025-01-24 14:00:00,105118.06000000,106321.66000000,104669.17000000,105758.00000000,2210.34491000
2025-01-24 15:00:00,105758.00000000,105990.50000000,105259.49000000,105859.98000000,1331.94447000
2025-01-24 16:00:00,105859.99000000,106174.99000000,105589.00000000,105645.89000000,1432.51588000
2025-01-24 17:00:00,105645.88000000,106699.99000000,105612.00000000,106458.46000000,1372.53034000
2025-01-24 18:00:00,106458.47000000,107120.00000000,106056.95000000,106327.72000000,1755.13607000
2025-01-24 19:00:00,106327.31000000,106606.01000000,105687.00000000,105760.94000000,923.18803000
2025-01-24 20:00:00,105760.93000000,105781.00000000,104736.84000000,104859.11000000,1341.56971000
2025-01-24 21:00:00,104859.40000000,105391.47000000,104859.40000000,105124.61000000,748.98359000
2025-01-24 22:00:00,105124.61000000,105477.00000000,104706.08000000,104777.25000000,540.29145000
2025-01-24 23:00:00,104777.25000000,104925.20000000,104456.89000000,104870.50000000,664.58527000
2025-01-25 00:00:00,104870.51000000,104870.51000000,104361.89000000,104419.59000000,772.42555000
2025-01-25 01:00:00,104419.58000000,104815.01000000,104380.15000000,104738.00000000,449.96362000
2025-01-25 02:00:00,104738.01000000,104830.27000000,104473.67000000,104559.54000000,266.96726000
2025-01-25 03:00:00,104559.54000000,105280.82000000,104461.00000000,105202.40000000,540.50196000
2025-01-25 04:00:00,105202.40000000,105202.40000000,104620.00000000,104648.00000000,332.21617000
2025-01-25 05:00:00,104647.99000000,104701.18000000,104236.95000000,104365.97000000,368.22303000
2025-01-25 06:00:00,104365.96000000,104480.00000000,104216.81000000,104308.00000000,464.86744000
2025-01-25 07:00:00,104308.00000000,104523.25000000,104287.24000000,104385.98000000,241.89788000
2025-01-25 08:00:00,104385.99000000,104497.54000000,104135.71000000,104341.98000000,360.18470000
2025-01-25 09:00:00,104341.99000000,104450.48000000,104276.41000000,104366.63000000,262.45644000
2025-01-25 10:00:00,104366.62000000,104661.04000000,104106.09000000,104540.00000000,367.66841000
2025-01-25 11:00:00,104540.00000000,104700.01000000,104391.27000000,104670.99000000,264.28735000
2025-01-25 12:00:00,104670.99000000,104792.00000000,104456.00000000,104753.07000000,258.87101000
2025-01-25 13:00:00,104753.08000000,104868.00000000,104629.31000000,104717.04000000,395.63454000
2025-01-25 14:00:00,104717.05000000,104721.99000000,104473.16000000,104600.01000000,268.90837000
2025-01-25 15:00:00,104600.00000000,105111.11000000,104594.01000000,104897.79000000,540.70270000
2025-01-25 16:00:00,104897.79000000,104989.49000000,104591.67000000,104654.90000000,424.39657000
2025-01-25 17:00:00,104654.91000000,104934.39000000,104449.75000000,104899.71000000,546.35715000
2025-01-25 18:00:00,104899.72000000,105286.52000000,104843.25000000,104983.49000000,486.25249000
2025-01-25 19:00:00,104983.50000000,105187.50000000,104909.09000000,105055.16000000,374.57154000
2025-01-25 20:00:00,105055.16000000,105200.00000000,104965.70000000,104965.71000000,216.43100000
2025-01-25 21:00:00,104965.71000000,105123.50000000,104866.66000000,105102.84000000,391.43699000
2025-01-25 22:00:00,105102.84000000,105250.00000000,105004.53000000,105077.54000000,221.14763000
2025-01-25 23:00:00,105077.54000000,105134.90000000,104696.00000000,104746.85000000,251.95397000
2025-01-26 00:00:00,104746.86000000,104841.84000000,104515.44000000,104599.96000000,379.34566000
2025-01-26 01:00:00,104599.95000000,104772.00000000,104503.70000000,104621.37000000,307.90424000
2025-01-26 02:00:00,104621.37000000,104718.16000000,104520.03000000,104696.25000000,174.90631000
2025-01-26 03:00:00,104696.25000000,105273.24000000,104696.24000000,105062.42000000,453.45121000
2025-01-26 04:00:00,105062.41000000,105500.00000000,104978.82000000,105174.27000000,472.09784000
2025-01-26 05:00:00,105174.28000000,105200.00000000,105013.60000000,105094.12000000,304.64182000
2025-01-26 06:00:00,105094.13000000,105118.78000000,104959.20000000,104990.75000000,243.85071000
2025-01-26 07:00:00,104990.75000000,105100.00000000,104950.00000000,104998.35000000,208.35672000
2025-01-26 08:00:00,104998.36000000,105221.36000000,104863.31000000,105030.40000000,283.50224000
2025-01-26 09:00:00,105030.40000000,105030.41000000,104444.01000000,104630.03000000,621.23723000
2025-01-26 10:00:00,104630.02000000,104722.90000000,104500.00000000,104715.29000000,252.60356000
2025-01-26 11:00:00,104715.29000000,104847.69000000,104662.05000000,104818.69000000,183.22383000
2025-01-26 12:00:00,104818.68000000,104890.00000000,104703.58000000,104890.00000000,194.47816000
2025-01-26 13:00:00,104890.00000000,105126.11000000,104838.43000000,104961.73000000,523.63296000
2025-01-26 14:00:00,104961.74000000,105003.54000000,104804.00000000,104944.00000000,213.25317000
2025-01-26 15:00:00,104944.00000000,105093.22000000,104887.70000000,104967.01000000,205.59370000
2025-01-26 16:00:00,104967.02000000,105040.64000000,104896.00000000,104938.02000000,165.96771000
2025-01-26 17:00:00,104938.01000000,105050.00000000,104912.53000000,104945.11000000,182.38164000
2025-01-26 18:00:00,104945.12000000,105260.36000000,104906.89000000,105175.11000000,355.09947000
2025-01-26 19:00:00,105175.11000000,105240.00000000,105040.00000000,105081.63000000,162.98620000
2025-01-26 20:00:00,105081.64000000,105200.00000000,104918.52000000,104949.99000000,206.60846000
2025-01-26 21:00:00,104949.99000000,105006.00000000,104552.48000000,104557.19000000,392.99714000
2025-01-26 22:00:00,104557.19000000,104730.98000000,104300.01000000,104330.22000000,499.61588000
2025-01-26 23:00:00,104330.21000000,104330.21000000,102520.44000000,102620.00000000,2824.77652000
2025-01-27 00:00:00,102620.01000000,103260.00000000,101600.00000000,101728.00000000,2400.53641000
2025-01-27 01:00:00,101728.00000000,102085.04000000,101168.80000000,101308.29000000,2370.58762000
2025-01-27 02:00:00,101308.29000000,101688.00000000,100835.25000000,101000.00000000,2318.03151000
2025-01-27 03:00:00,100999.99000000,101858.19000000,100720.53000000,101395.64000000,1264.73165000
2025-01-27 04:00:00,101395.64000000,101399.99000000,100227.01000000,100410.04000000,2009.08815000
2025-01-27 05:00:00,100410.04000000,100732.00000000,99713.37000000,100374.08000000,2629.73313000
2025-01-27 06:00:00,100374.07000000,100491.99000000,98721.00000000,98956.32000000,3833.59486000
2025-01-27 07:00:00,98956.31000000,99415.92000000,97777.77000000,99048.02000000,4179.21805000
2025-01-27 08:00:00,99048.01000000,99367.73000000,98700.00000000,99043.77000000,1840.48751000
2025-01-27 09:00:00,99043.78000000,99533.33000000,98800.00000000,99424.38000000,1569.86580000
2025-01-27 10:00:00,99424.37000000,99454.76000000,98263.49000000,98392.74000000,1793.67761000
2025-01-27 11:00:00,98392.74000000,99362.03000000,98324.01000000,98761.13000000,1586.35827000
2025-01-27 12:00:00,98761.12000000,100910.27000000,98714.28000000,100619.68000000,2164.86447000
2025-01-27 13:00:00,100619.68000000,101666.66000000,100000.00000000,100483.99000000,3735.69795000
2025-01-27 14:00:00,100483.98000000,102317.94000000,100105.54000000,101920.89000000,3112.55474000
2025-01-27 15:00:00,101920.88000000,102118.49000000,100852.00000000,101112.03000000,2332.95744000
2025-01-27 16:00:00,101112.03000000,101250.56000000,99566.25000000,99744.00000000,2339.06542000
2025-01-27 17:00:00,99744.00000000,100050.02000000,99049.98000000,99150.01000000,1752.65969000
2025-01-27 18:00:00,99150.01000000,99753.89000000,98864.00000000,99180.00000000,1546.97033000
2025-01-27 19:00:00,99180.00000000,99952.00000000,99175.03000000,99700.02000000,1234.90229000
2025-01-27 20:00:00,99700.01000000,101750.40000000,99606.46000000,101386.50000000,1537.60168000
2025-01-27 21:00:00,101386.11000000,102405.00000000,100954.00000000,101349.67000000,1827.57602000
2025-01-27 22:00:00,101349.67000000,101961.09000000,101277.77000000,101637.18000000,548.21078000
2025-01-27 23:00:00,101637.18000000,102183.21000000,101637.18000000,102082.83000000,829.16272000
2025-01-28 00:00:00,102082.83000000,102892.00000000,101777.00000000,101856.01000000,1185.97000000
2025-01-28 01:00:00,101856.00000000,102000.00000000,101382.66000000,101382.67000000,818.89033000
2025-01-28 02:00:00,101382.66000000,102436.79000000,101334.55000000,102402.01000000,820.01441000
2025-01-28 03:00:00,102402.01000000,102880.00000000,102026.02000000,102636.32000000,845.36163000
2025-01-28 04:00:00,102636.32000000,103371.24000000,102600.00000000,102901.45000000,842.31078000
2025-01-28 05:00:00,102901.45000000,103339.61000000,102812.90000000,103014.59000000,600.32769000
2025-01-28 06:00:00,103014.60000000,103200.00000000,102599.20000000,102744.38000000,464.09702000
2025-01-28 07:00:00,102744.39000000,103343.65000000,102527.39000000,102789.72000000,747.72197000
2025-01-28 08:00:00,102789.72000000,103028.53000000,102607.34000000,102851.23000000,428.04639000
2025-01-28 09:00:00,102851.23000000,102965.28000000,102393.94000000,102955.99000000,668.40201000
2025-01-28 10:00:00,102955.99000000,103181.82000000,102600.79000000,102745.36000000,480.98824000
2025-01-28 11:00:00,102745.37000000,102943.07000000,102564.77000000,102762.01000000,474.16550000
2025-01-28 12:00:00,102762.02000000,102988.60000000,102476.63000000,102599.99000000,532.30825000
2025-01-28 13:00:00,102599.99000000,102938.71000000,102482.35000000,102597.36000000,415.81567000
2025-01-28 14:00:00,102597.37000000,102891.33000000,101815.26000000,102641.99000000,1942.83069000
2025-01-28 15:00:00,102642.00000000,103800.00000000,102504.00000000,102777.99000000,2215.49639000
2025-01-28 16:00:00,102777.99000000,102907.98000000,101906.24000000,102250.01000000,1546.13479000
2025-01-28 17:00:00,102250.01000000,103098.00000000,102220.07000000,102572.82000000,1402.30003000
2025-01-28 18:00:00,102572.82000000,103108.00000000,102160.00000000,102205.79000000,1038.92770000
2025-01-28 19:00:00,102205.78000000,102660.00000000,101820.15000000,102424.24000000,708.69151000
2025-01-28 20:00:00,102424.24000000,102538.00000000,101197.04000000,101264.48000000,965.13217000
2025-01-28 21:00:00,101264.02000000,101547.22000000,100272.68000000,100334.01000000,1374.70182000
2025-01-28 22:00:00,100334.00000000,101404.00000000,100274.96000000,101265.63000000,856.17912000
2025-01-28 23:00:00,101265.63000000,101450.00000000,100750.00000000,101335.52000000,647.24354000
2025-01-29 00:00:00,101335.52000000,101819.67000000,101328.01000000,101702.59000000,503.58708000
2025-01-29 01:00:00,101702.60000000,101993.68000000,101461.12000000,101845.02000000,465.55965000
2025-01-29 02:00:00,101845.02000000,102319.69000000,101696.01000000,101795.40000000,365.79734000
2025-01-29 03:00:00,101795.41000000,102162.80000000,101764.24000000,102038.20000000,361.43929000
2025-01-29 04:00:00,102038.21000000,102190.00000000,101955.51000000,102001.06000000,323.51148000
2025-01-29 05:00:00,102001.06000000,102384.61000000,101980.27000000,102262.00000000,414.72434000
2025-01-29 06:00:00,102262.00000000,102853.53000000,102237.05000000,102801.64000000,572.47612000
2025-01-29 07:00:00,102801.64000000,102815.66000000,102449.97000000,102755.82000000,453.49449000
2025-01-29 08:00:00,102755.81000000,103000.00000000,102680.00000000,102732.03000000,527.67437000
2025-01-29 09:00:00,102732.03000000,102770.00000000,102303.68000000,102334.40000000,636.15136000
2025-01-29 10:00:00,102334.41000000,102726.77000000,102180.65000000,102547.01000000,380.52460000
2025-01-29 11:00:00,102547.01000000,102809.52000000,102425.87000000,102646.00000000,665.36345000
2025-01-29 12:00:00,102646.00000000,102842.04000000,102220.13000000,102229.85000000,788.66391000
2025-01-29 13:00:00,102229.85000000,102330.81000000,101699.59000000,101836.23000000,1753.23136000
2025-01-29 14:00:00,101836.23000000,102380.00000000,101582.37000000,102029.93000000,1034.80608000
2025-01-29 15:00:00,102029.94000000,102531.64000000,101798.01000000,101980.78000000,805.96141000
2025-01-29 16:00:00,101980.78000000,102150.00000000,101675.62000000,102092.01000000,630.14712000
2025-01-29 17:00:00,102092.00000000,102777.78000000,101995.37000000,102406.98000000,812.35271000
2025-01-29 18:00:00,102406.97000000,103000.00000000,102008.00000000,102854.15000000,941.94334000
2025-01-29 19:00:00,102854.14000000,103999.00000000,101400.01000000,103583.99000000,4875.47463000
2025-01-29 20:00:00,103584.00000000,104782.68000000,102868.00000000,104193.93000000,2958.23804000
2025-01-29 21:00:00,104193.92000000,104393.93000000,103715.50000000,103741.11000000,1513.96665000
2025-01-29 22:00:00,103741.11000000,104010.94000000,103405.77000000,103492.06000000,715.81564000
2025-01-29 23:00:00,103492.07000000,104344.64000000,103460.00000000,103733.24000000,654.45356000
2025-01-30 00:00:00,103733.25000000,104123.36000000,103278.54000000,104026.04000000,797.51926000
2025-01-30 01:00:00,104026.05000000,104555.00000000,103925.00000000,104264.15000000,773.76345000
2025-01-30 02:00:00,104264.15000000,104668.35000000,103994.46000000,104663.19000000,823.76503000
2025-01-30 03:00:00,104663.19000000,105300.00000000,104493.16000000,105196.00000000,1481.85543000
2025-01-30 04:00:00,105196.00000000,105595.81000000,104842.37000000,105478.00000000,858.83312000
2025-01-30 05:00:00,105478.00000000,105520.00000000,104996.97000000,105375.70000000,805.90020000
2025-01-30 06:00:00,105375.70000000,105580.16000000,105163.44000000,105184.37000000,552.50647000
2025-01-30 07:00:00,105184.38000000,105348.00000000,104799.66000000,105132.07000000,577.84515000
2025-01-30 08:00:00,105132.07000000,105368.84000000,104925.26000000,105060.01000000,472.13816000
2025-01-30 09:00:00,105060.01000000,105534.00000000,105021.36000000,105412.05000000,501.17589000
2025-01-30 10:00:00,105412.05000000,105412.06000000,105117.63000000,105345.40000000,363.29061000
2025-01-30 11:00:00,105345.41000000,105392.00000000,105078.01000000,105300.63000000,353.61117000
2025-01-30 12:00:00,105300.63000000,105312.93000000,104836.85000000,105020.00000000,440.08456000
2025-01-30 13:00:00,105020.01000000,105367.57000000,104836.58000000,104879.99000000,806.07062000
2025-01-30 14:00:00,104879.99000000,106222.08000000,104660.00000000,105920.57000000,2212.13745000
2025-01-30 15:00:00,105920.57000000,106457.44000000,105353.85000000,105564.00000000,2128.51885000
2025-01-30 16:00:00,105563.99000000,106013.01000000,105455.30000000,105696.96000000,992.31396000
2025-01-30 17:00:00,105696.96000000,105698.27000000,104900.14000000,105300.01000000,858.48699000
2025-01-30 18:00:00,105300.01000000,105583.39000000,104762.59000000,105578.95000000,669.46961000
2025-01-30 19:00:00,105578.96000000,105776.87000000,105231.58000000,105711.27000000,622.48257000
2025-01-30 20:00:00,105711.28000000,105821.62000000,104815.82000000,104907.15000000,1118.42753000
2025-01-30 21:00:00,104907.10000000,105217.17000000,104805.15000000,105048.89000000,488.85335000
2025-01-30 22:00:00,105048.89000000,105351.29000000,104962.11000000,105094.56000000,279.52567000
2025-01-30 23:00:00,105094.57000000,105254.00000000,104693.82000000,104722.94000000,395.49962000
2025-01-31 00:00:00,104722.94000000,105029.72000000,104400.00000000,104898.49000000,652.01906000
2025-01-31 01:00:00,104898.48000000,104908.15000000,104420.97000000,104729.58000000,393.75062000
2025-01-31 02:00:00,104729.95000000,104851.99000000,104255.01000000,104341.72000000,583.78993000
2025-01-31 03:00:00,104341.73000000,104377.76000000,103930.09000000,104344.46000000,880.98826000
2025-01-31 04:00:00,104344.46000000,104547.24000000,103972.13000000,104007.58000000,395.05130000
2025-01-31 05:00:00,104007.59000000,104484.09000000,104007.59000000,104319.87000000,359.47579000
2025-01-31 06:00:00,104319.87000000,104745.10000000,104298.73000000,104511.02000000,327.85317000
2025-01-31 07:00:00,104511.03000000,104814.46000000,104002.01000000,104188.56000000,786.55841000
2025-01-31 08:00:00,104188.57000000,104321.98000000,104013.63000000,104028.78000000,441.99171000
2025-01-31 09:00:00,104028.79000000,104329.73000000,103936.54000000,104256.56000000,677.93360000
2025-01-31 10:00:00,104256.57000000,104431.49000000,104080.10000000,104284.10000000,298.57773000
2025-01-31 11:00:00,104284.10000000,104848.65000000,104284.10000000,104736.00000000,574.30716000
2025-01-31 12:00:00,104736.01000000,104918.30000000,104553.71000000,104704.68000000,613.48830000
2025-01-31 13:00:00,104704.69000000,105036.03000000,104551.09000000,104664.02000000,660.06760000
2025-01-31 14:00:00,104664.01000000,104860.00000000,104106.00000000,104442.79000000,1064.61592000
2025-01-31 15:00:00,104443.99000000,106012.00000000,104443.99000000,105464.01000000,2491.48040000
2025-01-31 16:00:00,105464.00000000,105574.40000000,104696.23000000,105081.87000000,1251.16680000
2025-01-31 17:00:00,105081.86000000,105081.87000000,104542.00000000,104580.87000000,700.49821000
2025-01-31 18:00:00,104580.87000000,104820.00000000,102605.00000000,102627.29000000,2458.07389000
2025-01-31 19:00:00,102627.29000000,103016.66000000,102122.00000000,102312.32000000,1967.10942000
2025-01-31 20:00:00,102312.31000000,102321.42000000,101603.23000000,101680.02000000,2009.54037000
2025-01-31 21:00:00,101680.02000000,102166.11000000,101560.00000000,102148.73000000,1047.57467000
2025-01-31 22:00:00,102148.72000000,102482.94000000,101918.46000000,102261.30000000,759.95722000
2025-01-31 23:00:00,102261.29000000,102439.31000000,101955.00000000,102429.56000000,587.31239000
2025-02-01 00:00:00,102429.56000000,102575.06000000,102213.07000000,102494.94000000,538.12176000
2025-02-01 01:00:00,102494.94000000,102780.27000000,102460.33000000,102566.00000000,501.43830000
2025-02-01 02:00:00,102566.00000000,102783.71000000,102400.00000000,102467.77000000,436.03518000
2025-02-01 03:00:00,102466.96000000,102518.42000000,102198.52000000,102249.19000000,334.74761000
2025-02-01 04:00:00,102249.19000000,102503.03000000,102118.56000000,102316.16000000,322.29531000
2025-02-01 05:00:00,102316.15000000,102588.57000000,102235.29000000,102500.00000000,254.68497000
2025-02-01 06:00:00,102500.00000000,102577.12000000,102184.46000000,102402.91000000,231.97083000
2025-02-01 07:00:00,102402.91000000,102494.69000000,102161.82000000,102166.49000000,243.26690000
2025-02-01 08:00:00,102166.49000000,102276.99000000,101836.43000000,102016.85000000,649.65017000
2025-02-01 09:00:00,102016.85000000,102016.85000000,101412.00000000,101675.99000000,638.00804000
2025-02-01 10:00:00,101675.99000000,101984.99000000,101626.82000000,101638.00000000,411.87457000
2025-02-01 11:00:00,101638.00000000,102055.98000000,101638.00000000,102028.81000000,329.61226000
2025-02-01 12:00:00,102028.82000000,102329.01000000,102009.12000000,102277.71000000,449.78635000
2025-02-01 13:00:00,102277.71000000,102284.46000000,101799.90000000,101869.02000000,447.84747000
2025-02-01 14:00:00,101869.04000000,102173.45000000,101812.00000000,101827.53000000,434.28009000
2025-02-01 15:00:00,101827.53000000,102185.94000000,101730.79000000,102073.89000000,372.76128000
2025-02-01 16:00:00,102073.89000000,102209.98000000,101863.77000000,101892.32000000,313.84671000
2025-02-01 17:00:00,101892.32000000,102297.99000000,101892.32000000,102262.49000000,320.90196000
2025-02-01 18:00:00,102262.50000000,102279.52000000,101965.24000000,102003.70000000,211.14828000
2025-02-01 19:00:00,102003.70000000,102023.63000000,101448.00000000,101669.60000000,626.68363000
2025-02-01 20:00:00,101669.60000000,101669.60000000,101000.00000000,101333.34000000,1283.14615000
2025-02-01 21:00:00,101333.34000000,101578.04000000,101001.00000000,101199.82000000,624.44892000
2025-02-01 22:00:00,101199.81000000,101428.00000000,100510.00000000,100666.91000000,1019.70869000
2025-02-01 23:00:00,100666.90000000,100871.45000000,100279.51000000,100635.65000000,1294.69204000
2025-02-02 00:00:00,100635.66000000,101288.51000000,100500.00000000,101243.86000000,625.08919000
2025-02-02 01:00:00,101243.86000000,101456.60000000,101165.10000000,101248.38000000,356.77551000
2025-02-02 02:00:00,101248.38000000,101271.32000000,100425.00000000,100452.16000000,711.44742000
2025-02-02 03:00:00,100452.16000000,100755.93000000,99148.91000000,99206.86000000,2872.03426000
2025-02-02 04:00:00,99206.85000000,99884.00000000,99031.19000000,99538.60000000,1247.36452000
2025-02-02 05:00:00,99538.60000000,100342.69000000,99500.00000000,100259.53000000,714.22872000
2025-02-02 06:00:00,100259.53000000,100515.99000000,100094.69000000,100265.15000000,652.60422000
2025-02-02 07:00:00,100265.15000000,100277.54000000,99565.60000000,99643.30000000,864.58592000
2025-02-02 08:00:00,99643.30000000,100100.00000000,99315.91000000,99831.04000000,917.86988000
2025-02-02 09:00:00,99831.05000000,99864.02000000,99352.94000000,99690.78000000,714.66479000
2025-02-02 10:00:00,99690.78000000,99694.72000000,99200.00000000,99417.06000000,979.95157000
2025-02-02 11:00:00,99417.07000000,99604.00000000,98645.00000000,98864.60000000,1494.73706000
2025-02-02 12:00:00,98864.60000000,99166.19000000,98157.00000000,98178.00000000,1451.82051000
2025-02-02 13:00:00,98178.00000000,98827.18000000,98160.00000000,98795.88000000,1755.25944000
2025-02-02 14:00:00,98795.89000000,99439.05000000,98705.88000000,99205.08000000,1152.42229000
2025-02-02 15:00:00,99205.08000000,99405.74000000,98720.55000000,99346.87000000,905.88368000
2025-02-02 16:00:00,99346.87000000,99361.97000000,98075.02000000,98264.00000000,1453.70445000
2025-02-02 17:00:00,98264.01000000,98580.38000000,97019.00000000,97228.85000000,3212.44953000
2025-02-02 18:00:00,97228.86000000,97931.65000000,96821.54000000,97087.92000000,2847.73150000
2025-02-02 19:00:00,97087.92000000,98700.00000000,96842.33000000,98273.16000000,2181.85188000
2025-02-02 20:00:00,98273.17000000,98628.74000000,97650.54000000,97798.00000000,983.70523000
2025-02-02 21:00:00,97798.01000000,97977.02000000,96573.47000000,97020.54000000,1618.13720000
2025-02-02 22:00:00,97020.56000000,98022.20000000,96150.00000000,97994.46000000,2148.57890000
2025-02-02 23:00:00,97994.47000000,97994.47000000,96543.10000000,97700.59000000,2756.60172000
2025-02-03 00:00:00,97700.59000000,97782.79000000,95500.00000000,96511.33000000,5020.71343000
2025-02-03 01:00:00,96511.33000000,96945.03000000,92000.00000000,93435.82000000,10531.22735000
2025-02-03 02:00:00,93436.97000000,94980.00000000,91231.00000000,93566.01000000,10595.36035000
2025-02-03 03:00:00,93566.00000000,94688.00000000,93426.49000000,94038.74000000,3582.18997000
2025-02-03 04:00:00,94038.75000000,94490.72000000,92646.36000000,92786.53000000,2460.88916000
2025-02-03 05:00:00,92786.53000000,94273.84000000,92760.80000000,94216.00000000,1715.26085000
2025-02-03 06:00:00,94215.99000000,94600.00000000,93657.33000000,93911.04000000,1706.31998000
2025-02-03 07:00:00,93911.05000000,95426.63000000,93846.32000000,95333.01000000,1900.84801000
2025-02-03 08:00:00,95333.01000000,95634.39000000,94850.85000000,95340.00000000,1832.12634000
2025-02-03 09:00:00,95339.99000000,95950.68000000,95222.03000000,95277.00000000,2095.83840000
2025-02-03 10:00:00,95277.00000000,95725.25000000,94799.29000000,95702.67000000,1312.01995000
2025-02-03 11:00:00,95702.68000000,95716.21000000,94953.60000000,95107.89000000,1052.64002000
2025-02-03 12:00:00,95107.89000000,95625.00000000,94757.22000000,94764.01000000,1513.65910000
2025-02-03 13:00:00,94764.01000000,95400.00000000,94367.92000000,94664.51000000,1688.05730000
2025-02-03 14:00:00,94664.52000000,96702.12000000,94131.14000000,96589.50000000,4472.01696000
2025-02-03 15:00:00,96589.50000000,99500.00000000,96190.47000000,98842.00000000,6474.82871000
2025-02-03 16:00:00,98842.00000000,99041.89000000,98164.00000000,98543.08000000,2895.80358000
2025-02-03 17:00:00,98543.08000000,99313.09000000,98038.58000000,99206.38000000,2550.55263000
2025-02-03 18:00:00,99206.38000000,99943.63000000,98941.17000000,99816.05000000,2002.92563000
2025-02-03 19:00:00,99816.05000000,101880.00000000,99576.02000000,101880.00000000,3045.16271000
2025-02-03 20:00:00,101879.99000000,101951.82000000,100980.00000000,101083.00000000,2835.10342000
2025-02-03 21:00:00,101081.40000000,101978.84000000,100918.00000000,101802.55000000,1241.22572000
2025-02-03 22:00:00,101802.56000000,102500.01000000,101479.14000000,101695.62000000,1708.85442000
2025-02-03 23:00:00,101695.62000000,101827.98000000,101270.49000000,101328.52000000,931.11451000
2025-02-04 00:00:00,101328.51000000,101660.94000000,100985.09000000,101058.01000000,998.44302000
2025-02-04 01:00:00,101058.01000000,101732.31000000,100743.33000000,101382.68000000,1233.14083000
2025-02-04 02:00:00,101382.69000000,101435.66000000,100804.54000000,100839.99000000,759.92949000
2025-02-04 03:00:00,100839.99000000,101021.78000000,100534.03000000,100629.70000000,836.28422000
2025-02-04 04:00:00,100629.70000000,100764.11000000,100009.97000000,100053.12000000,1381.80512000
2025-02-04 05:00:00,100053.11000000,100094.09000000,98229.82000000,98865.99000000,3289.06115000
2025-02-04 06:00:00,98866.00000000,99673.60000000,98838.28000000,99367.58000000,1435.39110000
2025-02-04 07:00:00,99367.58000000,99473.85000000,98316.27000000,98448.02000000,1388.95315000
2025-02-04 08:00:00,98448.01000000,98730.80000000,97860.00000000,98304.34000000,1752.20972000
2025-02-04 09:00:00,98304.35000000,98809.18000000,98271.73000000,98338.23000000,985.16981000
2025-02-04 10:00:00,98338.23000000,98976.96000000,98338.22000000,98779.91000000,824.21046000
2025-02-04 11:00:00,98779.91000000,99445.17000000,98742.47000000,98967.70000000,977.64392000
2025-02-04 12:00:00,98967.70000000,99789.00000000,98967.70000000,99362.04000000,1083.80926000
2025-02-04 13:00:00,99362.04000000,99545.35000000,98958.90000000,99007.22000000,1220.15944000
2025-02-04 14:00:00,99007.22000000,100415.00000000,98561.48000000,99984.72000000,3030.76129000
2025-02-04 15:00:00,99984.72000000,100223.38000000,98275.98000000,99347.19000000,3087.63726000
2025-02-04 16:00:00,99347.18000000,99949.50000000,99028.46000000,99043.48000000,1429.42951000
2025-02-04 17:00:00,99043.48000000,99613.25000000,98829.64000000,99168.35000000,1585.36646000
2025-02-04 18:00:00,99168.35000000,99566.66000000,98778.58000000,99415.20000000,900.05624000
2025-02-04 19:00:00,99415.20000000,100777.93000000,98782.60000000,98859.77000000,2703.09828000
2025-02-04 20:00:00,98859.78000000,99444.02000000,97965.63000000,98652.18000000,3369.18259000
2025-02-04 21:00:00,98652.18000000,98673.86000000,96422.00000000,96514.47000000,2950.33720000
2025-02-04 22:00:00,96514.47000000,97967.40000000,96150.00000000,97691.20000000,2046.93005000
2025-02-04 23:00:00,97691.20000000,98224.97000000,97473.32000000,97763.13000000,998.97740000
2025-02-05 00:00:00,97763.14000000,98390.70000000,97711.70000000,98274.01000000,760.72898000
2025-02-05 01:00:00,98274.01000000,98930.44000000,97662.18000000,97849.82000000,1269.69391000
2025-02-05 02:00:00,97849.81000000,98192.00000000,97131.43000000,97993.99000000,1357.78340000
2025-02-05 03:00:00,97994.00000000,98324.16000000,97771.82000000,98040.00000000,651.17813000
2025-02-05 04:00:00,98040.01000000,98332.41000000,97916.02000000,98046.00000000,624.88451000
2025-02-05 05:00:00,98045.99000000,98300.00000000,97681.53000000,98138.40000000,775.46553000
2025-02-05 06:00:00,98138.40000000,98222.00000000,97559.12000000,97652.00000000,913.99827000
2025-02-05 07:00:00,97652.00000000,97984.53000000,97352.77000000,97864.43000000,919.15325000
2025-02-05 08:00:00,97864.43000000,98038.00000000,97572.00000000,97634.24000000,516.01346000
2025-02-05 09:00:00,97634.25000000,97970.61000000,97257.05000000,97405.61000000,787.76544000
2025-02-05 10:00:00,97405.61000000,98040.71000000,97348.30000000,97734.96000000,916.77973000
2025-02-05 11:00:00,97734.97000000,98256.00000000,97708.00000000,98198.00000000,908.03831000
2025-02-05 12:00:00,98198.00000000,98710.38000000,97992.00000000,98057.61000000,1291.30146000
2025-02-05 13:00:00,98057.62000000,98683.82000000,97941.60000000,98570.01000000,801.11162000
2025-02-05 14:00:00,98570.00000000,99149.00000000,98121.81000000,98292.27000000,1394.10911000
2025-02-05 15:00:00,98292.27000000,98550.00000000,97734.69000000,98116.24000000,1705.48267000
2025-02-05 16:00:00,98116.24000000,98277.02000000,97326.99000000,97974.01000000,1327.04092000
2025-02-05 17:00:00,97974.01000000,98256.36000000,97349.98000000,97550.74000000,1048.82805000
2025-02-05 18:00:00,97550.12000000,97700.00000000,96517.22000000,96723.66000000,1407.67838000
2025-02-05 19:00:00,96723.66000000,97519.54000000,96500.00000000,97370.00000000,1038.45413000
2025-02-05 20:00:00,97370.00000000,97706.37000000,96870.39000000,97323.39000000,1258.92036000
2025-02-05 21:00:00,97323.40000000,97532.61000000,96769.23000000,96904.11000000,1234.05224000
2025-02-05 22:00:00,96904.11000000,97047.89000000,96241.12000000,96445.63000000,2445.99875000
2025-02-05 23:00:00,96445.64000000,96853.57000000,96155.00000000,96612.43000000,878.84383000
2025-02-06 00:00:00,96612.44000000,96999.26000000,96430.78000000,96826.96000000,983.47440000
2025-02-06 01:00:00,96826.97000000,97218.84000000,96639.65000000,97159.68000000,631.64258000
2025-02-06 02:00:00,97159.69000000,97458.02000000,97103.47000000,97364.08000000,505.10172000
2025-02-06 03:00:00,97364.09000000,97493.07000000,97073.36000000,97355.67000000,431.93324000
2025-02-06 04:00:00,97355.66000000,97860.85000000,97273.71000000,97617.01000000,450.85205000
2025-02-06 05:00:00,97617.02000000,97885.99000000,97600.00000000,97831.47000000,382.19163000
2025-02-06 06:00:00,97831.47000000,98436.61000000,97704.00000000,98386.89000000,681.94765000
2025-02-06 07:00:00,98386.90000000,98386.90000000,98012.73000000,98195.61000000,560.46930000
2025-02-06 08:00:00,98195.60000000,98321.84000000,97910.01000000,98128.43000000,415.07048000
2025-02-06 09:00:00,98128.42000000,98725.16000000,98110.70000000,98614.41000000,732.24998000
2025-02-06 10:00:00,98614.40000000,99040.00000000,98614.40000000,99013.30000000,796.00614000
2025-02-06 11:00:00,99013.30000000,99120.00000000,98405.00000000,98877.99000000,786.10715000
2025-02-06 12:00:00,98877.99000000,99040.09000000,98283.45000000,98346.09000000,860.66993000
2025-02-06 13:00:00,98346.09000000,98783.40000000,98166.70000000,98604.50000000,908.47146000
2025-02-06 14:00:00,98604.50000000,98924.09000000,97795.76000000,97835.98000000,1875.16497000
2025-02-06 15:00:00,97835.98000000,98064.34000000,96930.17000000,97333.09000000,2557.26573000
2025-02-06 16:00:00,97333.09000000,97547.71000000,96400.00000000,96586.96000000,1720.11273000
2025-02-06 17:00:00,96586.96000000,97188.16000000,96340.81000000,96715.35000000,1010.11114000
2025-02-06 18:00:00,96715.35000000,96837.19000000,95888.00000000,96316.84000000,1582.11331000
2025-02-06 19:00:00,96316.83000000,96945.85000000,95676.64000000,95983.00000000,1722.22240000
2025-02-06 20:00:00,95982.99000000,97093.50000000,95800.00000000,96926.63000000,1109.34467000
2025-02-06 21:00:00,96926.63000000,96944.16000000,96093.35000000,96807.43000000,1623.48129000
2025-02-06 22:00:00,96807.43000000,96959.99000000,96154.70000000,96959.99000000,682.05363000
2025-02-06 23:00:00,96959.99000000,96959.99000000,96202.98000000,96554.35000000,507.14647000
2025-02-07 00:00:00,96554.35000000,96928.00000000,96409.65000000,96507.75000000,899.43427000
2025-02-07 01:00:00,96507.76000000,97805.60000000,96505.33000000,97404.01000000,938.87169000
2025-02-07 02:00:00,97404.01000000,97621.59000000,97047.59000000,97575.85000000,921.02017000
2025-02-07 03:00:00,97575.86000000,97772.00000000,97250.00000000,97444.04000000,397.34967000
2025-02-07 04:00:00,97444.04000000,97883.12000000,97383.63000000,97434.79000000,358.25754000
2025-02-07 05:00:00,97434.79000000,97543.42000000,97142.13000000,97338.20000000,422.13585000
2025-02-07 06:00:00,97338.20000000,97362.53000000,96566.00000000,96746.87000000,944.72455000
2025-02-07 07:00:00,96746.87000000,97213.54000000,96645.45000000,96757.05000000,748.38174000
2025-02-07 08:00:00,96757.04000000,97258.76000000,96613.24000000,97021.47000000,723.04148000
2025-02-07 09:00:00,97021.47000000,97388.00000000,97021.47000000,97295.23000000,557.76092000
2025-02-07 10:00:00,97295.24000000,97486.05000000,97248.22000000,97261.51000000,390.17165000
2025-02-07 11:00:00,97261.52000000,97750.00000000,97261.51000000,97750.00000000,552.57830000
2025-02-07 12:00:00,97749.99000000,98085.85000000,97500.00000000,97963.58000000,865.98738000
2025-02-07 13:00:00,97963.58000000,98862.38000000,97165.51000000,98828.01000000,2502.91288000
2025-02-07 14:00:00,98828.01000000,100137.99000000,98688.00000000,99710.92000000,3730.76190000
2025-02-07 15:00:00,99710.91000000,99710.91000000,97616.27000000,98283.98000000,5294.68336000
2025-02-07 16:00:00,98283.98000000,98563.55000000,97638.29000000,97827.66000000,2962.02555000
2025-02-07 17:00:00,97827.67000000,98166.67000000,97145.81000000,97434.78000000,1557.74255000
2025-02-07 18:00:00,97434.79000000,98353.10000000,97300.01000000,97751.99000000,932.05680000
2025-02-07 19:00:00,97752.00000000,97831.99000000,96856.78000000,96898.56000000,1307.40157000
2025-02-07 20:00:00,96898.56000000,96944.10000000,95620.34000000,95764.31000000,2130.34759000
2025-02-07 21:00:00,95764.30000000,96174.79000000,95693.75000000,96011.42000000,1332.88857000
2025-02-07 22:00:00,96011.43000000,96100.86000000,95632.23000000,96062.76000000,682.10739000
2025-02-07 23:00:00,96062.77000000,96518.16000000,95866.80000000,96506.80000000,641.57728000
2025-02-08 00:00:00,96506.80000000,96851.48000000,96335.42000000,96650.14000000,562.29789000
2025-02-08 01:00:00,96650.15000000,96789.57000000,96395.12000000,96509.20000000,689.19360000
2025-02-08 02:00:00,96509.20000000,96818.33000000,96399.12000000,96751.01000000,455.40440000
2025-02-08 03:00:00,96751.02000000,96880.00000000,96542.02000000,96699.23000000,299.48534000
2025-02-08 04:00:00,96699.24000000,96699.24000000,96222.00000000,96300.01000000,418.74542000
2025-02-08 05:00:00,96300.01000000,96369.45000000,96064.61000000,96211.08000000,426.23813000
2025-02-08 06:00:00,96211.08000000,96224.00000000,95853.90000000,95994.55000000,417.26990000
2025-02-08 07:00:00,95994.56000000,96318.80000000,95785.09000000,96209.92000000,527.23259000
2025-02-08 08:00:00,96209.92000000,96293.48000000,95879.69000000,95893.84000000,419.39566000
2025-02-08 09:00:00,95893.84000000,96201.86000000,95893.83000000,96163.05000000,224.77228000
2025-02-08 10:00:00,96163.05000000,96289.00000000,96010.52000000,96050.64000000,268.26864000
2025-02-08 11:00:00,96050.63000000,96120.66000000,95865.71000000,96120.00000000,251.58047000
2025-02-08 12:00:00,96120.00000000,96270.28000000,95864.93000000,96059.24000000,539.02009000
2025-02-08 13:00:00,96059.25000000,96517.52000000,96011.58000000,96246.70000000,669.24464000
2025-02-08 14:00:00,96246.69000000,96376.60000000,95950.22000000,96091.34000000,722.98440000
2025-02-08 15:00:00,96091.34000000,96200.04000000,95688.00000000,95843.74000000,568.28343000
2025-02-08 16:00:00,95843.74000000,96132.08000000,95749.88000000,96132.07000000,404.70549000
2025-02-08 17:00:00,96132.07000000,96391.03000000,96132.07000000,96377.71000000,498.44753000
2025-02-08 18:00:00,96377.71000000,96526.59000000,96235.23000000,96512.00000000,353.52885000
2025-02-08 19:00:00,96512.00000000,96750.00000000,96399.27000000,96579.99000000,279.95367000
2025-02-08 20:00:00,96579.99000000,96638.89000000,96358.50000000,96455.92000000,264.21148000
2025-02-08 21:00:00,96455.92000000,96600.00000000,96360.00000000,96527.36000000,224.76729000
2025-02-08 22:00:00,96527.37000000,96712.00000000,96388.88000000,96473.90000000,286.06330000
2025-02-08 23:00:00,96473.91000000,96687.02000000,96430.43000000,96444.74000000,376.14845000
2025-02-09 00:00:00,96444.75000000,96584.91000000,96360.14000000,96568.00000000,346.91772000
2025-02-09 01:00:00,96568.01000000,96992.37000000,96484.00000000,96992.36000000,532.69426000
2025-02-09 02:00:00,96992.36000000,97042.59000000,96687.81000000,96727.31000000,434.32910000
2025-02-09 03:00:00,96727.32000000,97300.00000000,96690.31000000,97300.00000000,750.43192000
2025-02-09 04:00:00,97299.99000000,97323.09000000,96964.14000000,97220.59000000,401.46362000
2025-02-09 05:00:00,97220.58000000,97227.39000000,97000.00000000,97029.28000000,222.88816000
2025-02-09 06:00:00,97029.28000000,97068.04000000,96777.77000000,97005.89000000,288.62500000
2025-02-09 07:00:00,97005.89000000,97127.94000000,96932.88000000,97057.83000000,217.20888000
2025-02-09 08:00:00,97057.83000000,97294.46000000,97055.55000000,97086.00000000,333.14767000
2025-02-09 09:00:00,97086.00000000,97086.00000000,96898.05000000,96924.53000000,428.91316000
2025-02-09 10:00:00,96924.53000000,96924.53000000,96656.79000000,96762.01000000,525.83504000
2025-02-09 11:00:00,96762.01000000,97020.00000000,96509.96000000,96554.01000000,522.89259000
2025-02-09 12:00:00,96554.01000000,96703.99000000,96314.30000000,96535.26000000,612.90916000
2025-02-09 13:00:00,96535.27000000,96544.63000000,95800.01000000,95877.92000000,1129.42710000
2025-02-09 14:00:00,95877.93000000,96305.30000000,95700.00000000,96127.73000000,847.92385000
2025-02-09 15:00:00,96127.51000000,96653.06000000,96109.93000000,96488.15000000,625.59676000
2025-02-09 16:00:00,96488.14000000,96545.65000000,96326.96000000,96442.16000000,413.88468000
2025-02-09 17:00:00,96442.16000000,96567.80000000,95900.00000000,96171.17000000,549.43351000
2025-02-09 18:00:00,96171.18000000,96281.45000000,95982.00000000,96212.00000000,248.89382000
2025-02-09 19:00:00,96212.00000000,96273.63000000,95888.88000000,96064.74000000,292.10619000
2025-02-09 20:00:00,96064.73000000,96760.00000000,96048.81000000,96322.24000000,385.93272000
2025-02-09 21:00:00,96322.23000000,96331.81000000,94713.00000000,95173.78000000,2070.22704000
2025-02-09 22:00:00,95173.79000000,96464.77000000,94779.19000000,95831.64000000,1356.05815000
2025-02-09 23:00:00,95830.19000000,96572.85000000,95722.22000000,96462.75000000,583.17603000
2025-02-10 00:00:00,96462.75000000,97131.47000000,96452.09000000,96717.98000000,855.85027000
2025-02-10 01:00:00,96717.99000000,96833.34000000,95256.00000000,95576.00000000,1127.48293000
2025-02-10 02:00:00,95576.00000000,96070.36000000,95419.47000000,95798.82000000,1042.27393000
2025-02-10 03:00:00,95798.83000000,97098.35000000,95762.00000000,96814.98000000,1416.36294000
2025-02-10 04:00:00,96814.97000000,97170.00000000,96632.81000000,96935.46000000,632.94413000
2025-02-10 05:00:00,96935.46000000,97640.02000000,96764.75000000,97015.26000000,1519.53410000
2025-02-10 06:00:00,97015.26000000,97219.99000000,96800.00000000,97142.43000000,808.23303000
2025-02-10 07:00:00,97142.43000000,97482.87000000,97108.88000000,97429.83000000,755.46407000
2025-02-10 08:00:00,97429.83000000,97899.99000000,97358.79000000,97683.99000000,1238.61637000
2025-02-10 09:00:00,97684.00000000,97880.33000000,97451.73000000,97664.78000000,659.22257000
2025-02-10 10:00:00,97664.77000000,97954.69000000,97589.94000000,97728.29000000,1021.79544000
2025-02-10 11:00:00,97728.29000000,97899.00000000,97599.88000000,97661.16000000,600.83887000
2025-02-10 12:00:00,97661.15000000,97788.24000000,97180.55000000,97358.58000000,592.57733000
2025-02-10 13:00:00,97358.59000000,98345.00000000,97356.03000000,98215.72000000,1115.72278000
2025-02-10 14:00:00,98215.71000000,98312.00000000,97070.00000000,97270.64000000,1686.99088000
2025-02-10 15:00:00,97270.65000000,97566.03000000,96866.66000000,97218.69000000,1141.04586000
2025-02-10 16:00:00,97218.68000000,97380.00000000,96866.39000000,97300.75000000,941.39367000
2025-02-10 17:00:00,97300.75000000,97516.10000000,96884.01000000,97500.00000000,584.34440000
2025-02-10 18:00:00,97499.99000000,97557.02000000,97186.04000000,97549.99000000,749.86472000
2025-02-10 19:00:00,97549.98000000,97643.29000000,97265.91000000,97376.00000000,509.73780000
2025-02-10 20:00:00,97376.00000000,97489.78000000,97219.46000000,97331.95000000,521.01283000
2025-02-10 21:00:00,97331.96000000,97378.57000000,97128.79000000,97375.81000000,562.27809000
2025-02-10 22:00:00,97375.80000000,97490.71000000,97280.40000000,97390.26000000,248.77910000
2025-02-10 23:00:00,97390.26000000,97449.06000000,97240.00000000,97430.82000000,240.50926000
2025-02-11 00:00:00,97430.82000000,98149.92000000,97416.62000000,97783.12000000,680.58059000
2025-02-11 01:00:00,97783.12000000,98100.00000000,97783.12000000,97994.23000000,505.79967000
2025-02-11 02:00:00,97994.24000000,98098.00000000,97464.67000000,97764.00000000,533.86507000
2025-02-11 03:00:00,97764.00000000,97766.88000000,97480.16000000,97607.30000000,304.67644000
2025-02-11 04:00:00,97607.31000000,98193.74000000,97558.99000000,98064.93000000,495.20890000
2025-02-11 05:00:00,98064.93000000,98478.42000000,98008.00000000,98412.24000000,896.14152000
2025-02-11 06:00:00,98412.24000000,98476.00000000,98135.67000000,98424.33000000,555.33406000
2025-02-11 07:00:00,98424.32000000,98464.03000000,98258.46000000,98268.97000000,639.99685000
2025-02-11 08:00:00,98268.98000000,98330.00000000,98109.29000000,98223.79000000,470.44777000
2025-02-11 09:00:00,98223.79000000,98300.05000000,97913.80000000,97999.99000000,446.38960000
2025-02-11 10:00:00,97999.99000000,98132.71000000,97885.62000000,97961.25000000,484.84762000
2025-02-11 11:00:00,97961.24000000,98232.91000000,97894.38000000,98151.52000000,302.01527000
2025-02-11 12:00:00,98151.51000000,98158.89000000,97680.49000000,97766.13000000,550.95842000
2025-02-11 13:00:00,97766.13000000,97850.00000000,96670.00000000,96799.53000000,1309.33900000
2025-02-11 14:00:00,96799.53000000,97321.73000000,96595.33000000,96962.03000000,1274.66509000
2025-02-11 15:00:00,96962.04000000,97262.56000000,96631.38000000,97007.53000000,1110.13994000
2025-02-11 16:00:00,97007.54000000,97045.53000000,96303.00000000,96365.05000000,1198.98433000
2025-02-11 17:00:00,96365.04000000,96395.28000000,95950.00000000,96165.29000000,1067.45280000
2025-02-11 18:00:00,96165.29000000,96165.29000000,95409.92000000,95469.28000000,1234.84113000
2025-02-11 19:00:00,95469.28000000,95658.24000000,94876.88000000,95040.82000000,1383.45885000
2025-02-11 20:00:00,95040.81000000,95439.27000000,94928.47000000,95305.00000000,911.18485000
2025-02-11 21:00:00,95305.01000000,96449.26000000,95256.80000000,96390.23000000,916.87274000
2025-02-11 22:00:00,96390.22000000,96512.70000000,95353.64000000,95580.23000000,843.55750000
2025-02-11 23:00:00,95580.24000000,95966.65000000,95490.05000000,95778.20000000,531.00578000
2025-02-12 00:00:00,95778.21000000,96120.00000000,95672.56000000,96060.00000000,576.62562000
2025-02-12 01:00:00,96060.00000000,96263.99000000,95817.69000000,96207.32000000,373.26635000
2025-02-12 02:00:00,96207.33000000,96214.70000000,95384.61000000,95579.14000000,657.69595000
2025-02-12 03:00:00,95579.13000000,95762.67000000,95100.00000000,95299.27000000,799.73342000
2025-02-12 04:00:00,95299.28000000,95611.12000000,95267.71000000,95556.98000000,551.85072000
2025-02-12 05:00:00,95556.99000000,95933.30000000,95514.60000000,95886.54000000,318.13104000
2025-02-12 06:00:00,95886.54000000,95952.09000000,95684.00000000,95817.87000000,353.46652000
2025-02-12 07:00:00,95817.87000000,96188.68000000,95793.11000000,96069.58000000,716.35723000
2025-02-12 08:00:00,96069.58000000,96469.78000000,96047.73000000,96358.46000000,480.83950000
2025-02-12 09:00:00,96358.46000000,96377.36000000,96014.69000000,96129.28000000,981.15914000
2025-02-12 10:00:00,96129.28000000,96196.00000000,95913.49000000,95978.01000000,397.44155000
2025-02-12 11:00:00,95978.00000000,96377.32000000,95978.00000000,96094.65000000,437.01756000
2025-02-12 12:00:00,96094.65000000,96350.00000000,95944.44000000,95982.97000000,471.65116000
2025-02-12 13:00:00,95982.97000000,96631.66000000,94088.23000000,94975.38000000,6201.22653000
2025-02-12 14:00:00,94975.37000000,95685.90000000,94500.00000000,95628.91000000,2815.25179000
2025-02-12 15:00:00,95628.92000000,95999.65000000,94708.17000000,95816.18000000,2317.41055000
2025-02-12 16:00:00,95816.18000000,97094.34000000,95120.30000000,96986.14000000,2240.81919000
2025-02-12 17:00:00,96986.14000000,97700.00000000,96769.23000000,97354.89000000,2542.31272000
2025-02-12 18:00:00,97354.88000000,97450.00000000,96625.00000000,96921.43000000,1188.43319000
2025-02-12 19:00:00,96921.42000000,97278.16000000,96353.47000000,97205.06000000,717.99366000
2025-02-12 20:00:00,97205.06000000,97623.48000000,96931.89000000,97025.24000000,938.18608000
2025-02-12 21:00:00,97026.53000000,97908.99000000,96854.97000000,97646.50000000,1037.19237000
2025-02-12 22:00:00,97646.51000000,98119.99000000,97416.40000000,97806.57000000,1180.16505000
2025-02-12 23:00:00,97806.57000000,98000.01000000,97579.31000000,97869.99000000,856.93936000
2025-02-13 00:00:00,97870.00000000,97870.00000000,97534.07000000,97818.91000000,621.42152000
2025-02-13 01:00:00,97818.91000000,98083.91000000,97743.57000000,97986.19000000,683.24154000
2025-02-13 02:00:00,97986.18000000,97986.19000000,97367.45000000,97473.66000000,446.21833000
2025-02-13 03:00:00,97473.67000000,97631.03000000,97430.00000000,97498.42000000,376.45603000
2025-02-13 04:00:00,97498.43000000,97564.83000000,96767.28000000,96927.46000000,711.63196000
2025-02-13 05:00:00,96927.46000000,96929.67000000,96503.38000000,96666.38000000,746.30255000
2025-02-13 06:00:00,96666.37000000,96757.50000000,95800.00000000,96056.72000000,1088.55194000
2025-02-13 07:00:00,96056.72000000,96231.67000000,95901.00000000,96070.23000000,837.45143000
2025-02-13 08:00:00,96070.23000000,96175.34000000,95649.85000000,95943.62000000,1211.55455000
2025-02-13 09:00:00,95943.62000000,96297.76000000,95786.20000000,96262.25000000,640.54269000
2025-02-13 10:00:00,96262.24000000,96336.00000000,96103.14000000,96155.86000000,421.26729000
2025-02-13 11:00:00,96155.87000000,96288.74000000,95599.57000000,95925.11000000,881.28275000
2025-02-13 12:00:00,95925.12000000,96069.81000000,95707.02000000,95820.28000000,779.42863000
2025-02-13 13:00:00,95820.29000000,96301.59000000,95636.79000000,96074.66000000,1318.76591000
2025-02-13 14:00:00,96074.67000000,96104.49000000,95336.00000000,95857.03000000,1756.05228000
2025-02-13 15:00:00,95857.03000000,96480.06000000,95519.99000000,95998.00000000,1574.35787000
2025-02-13 16:00:00,95998.00000000,96002.24000000,95217.36000000,95359.22000000,1167.88640000
2025-02-13 17:00:00,95359.22000000,96023.58000000,95287.00000000,95692.09000000,825.45363000
2025-02-13 18:00:00,95692.08000000,95981.20000000,95320.75000000,95964.01000000,845.96591000
2025-02-13 19:00:00,95964.01000000,96361.58000000,95561.46000000,95627.76000000,850.37150000
2025-02-13 20:00:00,95627.75000000,96291.95000000,95600.00000000,96264.52000000,680.56341000
2025-02-13 21:00:00,96264.52000000,96774.71000000,96253.33000000,96488.00000000,718.62221000
2025-02-13 22:00:00,96487.99000000,96600.00000000,96265.16000000,96411.40000000,330.24155000
2025-02-13 23:00:00,96411.40000000,96630.00000000,96312.51000000,96608.14000000,408.14428000
2025-02-14 00:00:00,96608.13000000,96965.51000000,96531.36000000,96750.83000000,427.84311000
2025-02-14 01:00:00,96750.83000000,96884.62000000,96356.41000000,96529.27000000,463.70552000
2025-02-14 02:00:00,96529.28000000,96835.30000000,96441.27000000,96528.47000000,459.07477000
2025-02-14 03:00:00,96528.47000000,97190.00000000,96527.71000000,97129.98000000,455.17130000
2025-02-14 04:00:00,97129.98000000,97248.60000000,96750.00000000,96750.00000000,434.86356000
2025-02-14 05:00:00,96750.01000000,96908.16000000,96561.36000000,96683.29000000,432.68245000
2025-02-14 06:00:00,96683.30000000,96857.18000000,96611.11000000,96834.29000000,489.84611000
2025-02-14 07:00:00,96834.30000000,97075.33000000,96806.51000000,96944.09000000,425.14091000
2025-02-14 08:00:00,96944.09000000,97025.56000000,96799.99000000,96871.97000000,344.28951000
2025-02-14 09:00:00,96871.96000000,97153.50000000,96831.00000000,97108.31000000,553.35115000
2025-02-14 10:00:00,97108.31000000,97196.00000000,96962.26000000,97017.40000000,460.85165000
2025-02-14 11:00:00,97017.41000000,97143.20000000,96800.00000000,96887.56000000,399.89281000
2025-02-14 12:00:00,96887.55000000,96887.56000000,96516.20000000,96652.58000000,342.62053000
2025-02-14 13:00:00,96652.58000000,96980.00000000,96450.34000000,96786.68000000,601.84618000
2025-02-14 14:00:00,96786.68000000,97568.28000000,96572.00000000,97290.95000000,1394.19724000
2025-02-14 15:00:00,97290.95000000,97409.30000000,96252.82000000,96924.39000000,1660.70388000
2025-02-14 16:00:00,96924.57000000,97700.00000000,96494.17000000,97658.70000000,994.97707000
2025-02-14 17:00:00,97658.70000000,98826.00000000,97142.00000000,98526.00000000,2618.64400000
2025-02-14 18:00:00,98525.99000000,98738.57000000,98166.66000000,98192.84000000,1370.44479000
2025-02-14 19:00:00,98192.84000000,98450.00000000,97656.00000000,97940.45000000,1025.49335000
2025-02-14 20:00:00,97940.44000000,98264.85000000,97003.28000000,97196.09000000,1052.02168000
2025-02-14 21:00:00,97196.10000000,97492.69000000,96697.56000000,97456.79000000,1072.77905000
2025-02-14 22:00:00,97456.78000000,97538.11000000,96922.23000000,97134.59000000,435.45827000
2025-02-14 23:00:00,97134.60000000,97519.99000000,96995.41000000,97500.48000000,257.12757000
2025-02-15 00:00:00,97500.47000000,97516.20000000,97223.58000000,97470.88000000,490.01632000
2025-02-15 01:00:00,97470.87000000,97833.42000000,97436.93000000,97804.24000000,352.00246000
2025-02-15 02:00:00,97804.24000000,97918.53000000,97625.30000000,97839.04000000,362.11893000
2025-02-15 03:00:00,97839.05000000,97972.26000000,97642.16000000,97653.19000000,302.29454000
2025-02-15 04:00:00,97653.19000000,97780.73000000,97482.21000000,97527.63000000,358.46801000
2025-02-15 05:00:00,97527.64000000,97640.97000000,97450.01000000,97611.17000000,221.13608000
2025-02-15 06:00:00,97611.18000000,97664.06000000,97439.04000000,97488.61000000,210.60577000
2025-02-15 07:00:00,97488.62000000,97526.54000000,97345.50000000,97346.26000000,239.22000000
2025-02-15 08:00:00,97346.27000000,97544.00000000,97301.77000000,97505.51000000,208.69423000
2025-02-15 09:00:00,97505.51000000,97606.80000000,97441.49000000,97562.55000000,224.44139000
2025-02-15 10:00:00,97562.56000000,97731.09000000,97458.00000000,97653.95000000,204.41389000
2025-02-15 11:00:00,97653.94000000,97669.83000000,97472.75000000,97615.59000000,236.62887000
2025-02-15 12:00:00,97615.59000000,97833.42000000,97531.52000000,97753.82000000,316.93458000
2025-02-15 13:00:00,97753.81000000,97962.51000000,97677.28000000,97716.89000000,706.14764000
2025-02-15 14:00:00,97716.89000000,97756.00000000,97426.57000000,97593.61000000,673.38862000
2025-02-15 15:00:00,97593.62000000,97722.22000000,97548.23000000,97633.22000000,312.88733000
2025-02-15 16:00:00,97633.21000000,97714.39000000,97455.48000000,97535.39000000,278.61059000
2025-02-15 17:00:00,97535.39000000,97584.84000000,97304.38000000,97410.28000000,331.54700000
2025-02-15 18:00:00,97410.29000000,97584.91000000,97368.82000000,97540.79000000,178.74962000
2025-02-15 19:00:00,97540.80000000,97650.00000000,97509.61000000,97531.90000000,132.93067000
2025-02-15 20:00:00,97531.91000000,97641.78000000,97414.05000000,97539.40000000,186.07288000
2025-02-15 21:00:00,97539.40000000,97691.47000000,97539.39000000,97684.23000000,178.14951000
2025-02-15 22:00:00,97684.23000000,97741.35000000,97432.50000000,97545.76000000,290.27263000
2025-02-15 23:00:00,97545.77000000,97634.22000000,97426.56000000,97569.66000000,353.64527000
2025-02-16 00:00:00,97569.67000000,97704.47000000,97554.65000000,97594.57000000,146.65876000
2025-02-16 01:00:00,97594.58000000,97660.38000000,97538.87000000,97643.00000000,128.32038000
2025-02-16 02:00:00,97643.01000000,97653.30000000,97469.29000000,97524.87000000,306.89676000
2025-02-16 03:00:00,97524.87000000,97547.17000000,97411.11000000,97547.17000000,353.50903000
2025-02-16 04:00:00,97547.17000000,97583.49000000,97472.04000000,97530.81000000,212.15882000
2025-02-16 05:00:00,97530.81000000,97682.04000000,97485.94000000,97603.30000000,142.81440000
2025-02-16 06:00:00,97603.30000000,97625.63000000,97451.99000000,97487.26000000,175.63311000
2025-02-16 07:00:00,97487.27000000,97487.27000000,97212.00000000,97248.98000000,215.82070000
2025-02-16 08:00:00,97248.98000000,97331.42000000,97131.06000000,97163.86000000,297.81595000
2025-02-16 09:00:00,97163.87000000,97365.74000000,97061.58000000,97365.74000000,271.70559000
2025-02-16 10:00:00,97365.73000000,97388.89000000,97166.66000000,97180.98000000,225.84623000
2025-02-16 11:00:00,97180.98000000,97336.03000000,97152.00000000,97336.00000000,391.60188000
2025-02-16 12:00:00,97335.99000000,97336.00000000,97096.00000000,97125.63000000,349.35885000
2025-02-16 13:00:00,97125.64000000,97212.43000000,96788.21000000,96842.37000000,697.90050000
2025-02-16 14:00:00,96842.37000000,97029.90000000,96645.35000000,96969.58000000,530.02677000
2025-02-16 15:00:00,96969.58000000,97092.35000000,96911.00000000,96911.01000000,305.78814000
2025-02-16 16:00:00,96911.01000000,97115.00000000,96880.00000000,97052.64000000,239.19143000
2025-02-16 17:00:00,97052.64000000,97169.15000000,96931.06000000,96982.95000000,229.87909000
2025-02-16 18:00:00,96982.94000000,97000.00000000,96609.05000000,96872.59000000,410.32977000
2025-02-16 19:00:00,96872.58000000,97108.18000000,96763.11000000,97058.47000000,308.17023000
2025-02-16 20:00:00,97058.47000000,97160.74000000,96861.38000000,96909.54000000,304.09755000
2025-02-16 21:00:00,96909.55000000,97282.38000000,96852.01000000,97165.09000000,315.91771000
2025-02-16 22:00:00,97165.10000000,97187.18000000,96570.47000000,96865.79000000,334.51883000
2025-02-16 23:00:00,96865.79000000,96884.89000000,96046.18000000,96118.12000000,1297.46442000
2025-02-17 00:00:00,96118.12000000,96443.50000000,96023.17000000,96319.22000000,559.72483000
2025-02-17 01:00:00,96319.22000000,96533.52000000,96060.50000000,96508.63000000,408.53426000
2025-02-17 02:00:00,96508.63000000,96638.05000000,96156.55000000,96228.98000000,411.70054000
2025-02-17 03:00:00,96228.97000000,96280.00000000,96032.99000000,96215.33000000,486.61263000
2025-02-17 04:00:00,96215.32000000,96259.84000000,96013.00000000,96026.01000000,488.42242000
2025-02-17 05:00:00,96026.01000000,96328.14000000,95800.00000000,96242.66000000,913.03802000
2025-02-17 06:00:00,96242.67000000,96445.45000000,96208.00000000,96376.77000000,512.87016000
2025-02-17 07:00:00,96376.78000000,96463.20000000,95900.94000000,96068.22000000,811.65071000
2025-02-17 08:00:00,96068.21000000,96298.72000000,95937.05000000,96144.03000000,549.74974000
2025-02-17 09:00:00,96144.03000000,96318.62000000,96076.92000000,96166.26000000,367.32057000
2025-02-17 10:00:00,96166.26000000,96395.68000000,96050.00000000,96106.17000000,523.65421000
2025-02-17 11:00:00,96106.18000000,96300.00000000,95990.00000000,96063.18000000,841.85531000
2025-02-17 12:00:00,96063.17000000,96510.66000000,96059.40000000,96457.76000000,726.17384000
2025-02-17 13:00:00,96457.75000000,96482.35000000,96253.90000000,96411.95000000,372.70067000
2025-02-17 14:00:00,96411.96000000,97046.59000000,96400.00000000,96799.99000000,1627.34188000
2025-02-17 15:00:00,96800.00000000,96898.90000000,95564.00000000,95659.46000000,1708.38819000
2025-02-17 16:00:00,95659.45000000,95945.49000000,95303.21000000,95334.75000000,1651.99450000
2025-02-17 17:00:00,95334.75000000,95725.00000000,95288.00000000,95479.78000000,718.30989000
2025-02-17 18:00:00,95479.78000000,95770.86000000,95249.74000000,95340.83000000,628.41742000
2025-02-17 19:00:00,95340.83000000,95596.24000000,95205.00000000,95531.36000000,483.41093000
2025-02-17 20:00:00,95531.36000000,96267.45000000,95488.90000000,95971.36000000,569.50858000
2025-02-17 21:00:00,95971.35000000,96413.43000000,95917.51000000,96409.33000000,465.72247000
2025-02-17 22:00:00,96409.33000000,96413.43000000,95829.63000000,95875.48000000,351.44277000
2025-02-17 23:00:00,95875.48000000,96009.11000000,95673.02000000,95780.00000000,313.50056000
2025-02-18 00:00:00,95780.01000000,96058.62000000,95538.01000000,95637.93000000,519.60690000
2025-02-18 01:00:00,95637.93000000,96300.00000000,95606.46000000,96266.24000000,463.75520000
2025-02-18 02:00:00,96266.24000000,96322.97000000,96015.00000000,96064.47000000,338.79648000
2025-02-18 03:00:00,96064.47000000,96290.00000000,96000.00000000,96200.00000000,280.18512000
2025-02-18 04:00:00,96200.00000000,96300.73000000,95968.10000000,96070.81000000,359.46021000
2025-02-18 05:00:00,96070.81000000,96110.63000000,95539.14000000,95609.49000000,605.16098000
2025-02-18 06:00:00,95609.50000000,95641.79000000,95254.12000000,95382.75000000,1410.87424000
2025-02-18 07:00:00,95382.74000000,95713.19000000,95298.06000000,95456.93000000,800.99003000
2025-02-18 08:00:00,95456.92000000,95582.11000000,95050.00000000,95238.89000000,971.76662000
2025-02-18 09:00:00,95238.89000000,95780.50000000,95149.04000000,95775.95000000,719.87581000
2025-02-18 10:00:00,95775.94000000,95872.17000000,95634.05000000,95742.50000000,370.88341000
2025-02-18 11:00:00,95742.50000000,95782.10000000,95566.84000000,95640.34000000,420.65539000
2025-02-18 12:00:00,95640.35000000,96281.05000000,95600.17000000,96194.00000000,733.80088000
2025-02-18 13:00:00,96194.00000000,96482.91000000,96107.77000000,96230.00000000,963.65132000
2025-02-18 14:00:00,96230.00000000,96753.91000000,95375.12000000,95536.83000000,1540.36172000
2025-02-18 15:00:00,95536.83000000,95730.77000000,95200.00000000,95546.48000000,1236.23066000
2025-02-18 16:00:00,95546.49000000,95633.15000000,94617.45000000,94639.98000000,2070.63374000
2025-02-18 17:00:00,94639.98000000,94878.74000000,94102.15000000,94102.16000000,1522.90388000
2025-02-18 18:00:00,94102.16000000,94350.87000000,93600.00000000,93924.03000000,1837.49675000
2025-02-18 19:00:00,93924.03000000,94403.88000000,93388.09000000,94104.14000000,1415.12054000
2025-02-18 20:00:00,94104.15000000,94458.40000000,93730.72000000,94196.02000000,1086.13890000
2025-02-18 21:00:00,94196.77000000,95351.40000000,94118.80000000,95065.46000000,1602.56826000
2025-02-18 22:00:00,95065.46000000,95534.25000000,94855.67000000,95304.43000000,1040.64682000
2025-02-18 23:00:00,95304.42000000,95685.00000000,95257.15000000,95671.74000000,1056.63085000
2025-02-19 00:00:00,95671.74000000,95849.06000000,95279.94000000,95330.15000000,904.11812000
2025-02-19 01:00:00,95330.15000000,95480.00000000,95055.00000000,95479.99000000,488.98003000
2025-02-19 02:00:00,95480.00000000,95961.54000000,95458.03000000,95831.76000000,399.44242000
2025-02-19 03:00:00,95831.76000000,95837.82000000,95565.57000000,95710.26000000,366.08760000
2025-02-19 04:00:00,95710.25000000,95768.95000000,95213.85000000,95213.85000000,432.62013000
2025-02-19 05:00:00,95213.84000000,95340.05000000,95029.99000000,95289.33000000,2130.11933000
2025-02-19 06:00:00,95289.34000000,95652.00000000,95249.65000000,95616.31000000,436.36604000
2025-02-19 07:00:00,95616.31000000,95846.15000000,95588.00000000,95687.71000000,442.08407000
2025-02-19 08:00:00,95687.71000000,95866.00000000,95616.60000000,95629.99000000,345.76152000
2025-02-19 09:00:00,95629.99000000,96024.25000000,95629.70000000,95937.40000000,642.82945000
2025-02-19 10:00:00,95937.40000000,96468.99000000,95937.39000000,96330.32000000,966.08574000
2025-02-19 11:00:00,96330.31000000,96423.08000000,96205.40000000,96422.60000000,457.23042000
2025-02-19 12:00:00,96422.60000000,96495.00000000,96138.40000000,96166.44000000,530.93187000
2025-02-19 13:00:00,96166.45000000,96481.60000000,96166.44000000,96277.54000000,657.87540000
2025-02-19 14:00:00,96277.54000000,96700.00000000,95692.00000000,95766.33000000,1149.73460000
2025-02-19 15:00:00,95766.33000000,96405.45000000,95536.36000000,95943.74000000,1211.59966000
2025-02-19 16:00:00,95943.74000000,96375.39000000,95930.54000000,96300.00000000,731.71551000
2025-02-19 17:00:00,96300.00000000,96480.00000000,96122.00000000,96389.57000000,505.12119000
2025-02-19 18:00:00,96389.57000000,96414.72000000,95640.03000000,95670.54000000,605.05322000
2025-02-19 19:00:00,95670.53000000,96242.80000000,95407.41000000,96206.54000000,921.93012000
2025-02-19 20:00:00,96206.54000000,96479.99000000,96101.89000000,96180.72000000,801.25950000
2025-02-19 21:00:00,96180.72000000,96490.37000000,96058.38000000,96315.64000000,436.68390000
2025-02-19 22:00:00,96315.65000000,96621.86000000,96305.35000000,96539.85000000,330.61374000
2025-02-19 23:00:00,96539.84000000,96899.99000000,96522.55000000,96644.37000000,544.26596000
2025-02-20 00:00:00,96644.37000000,96853.99000000,96415.09000000,96853.98000000,361.82303000
2025-02-20 01:00:00,96853.98000000,97000.00000000,96627.09000000,96767.67000000,564.83079000
2025-02-20 02:00:00,96767.67000000,97275.54000000,96739.48000000,97134.52000000,975.14038000
2025-02-20 03:00:00,97134.52000000,97362.83000000,96979.29000000,97055.25000000,821.46063000
2025-02-20 04:00:00,97055.24000000,97339.11000000,97034.59000000,97224.46000000,848.42996000
2025-02-20 05:00:00,97224.46000000,97224.46000000,96891.47000000,96909.99000000,667.47648000
2025-02-20 06:00:00,96909.99000000,96999.30000000,96781.57000000,96907.99000000,494.40390000
2025-02-20 07:00:00,96908.00000000,97088.87000000,96804.00000000,96867.92000000,330.86128000
2025-02-20 08:00:00,96867.92000000,97197.74000000,96801.61000000,97150.01000000,395.65532000
2025-02-20 09:00:00,97150.01000000,97284.00000000,97150.00000000,97184.63000000,437.65289000
2025-02-20 10:00:00,97184.63000000,97374.00000000,97095.75000000,97373.98000000,380.16934000
2025-02-20 11:00:00,97373.98000000,97384.03000000,97156.19000000,97207.92000000,376.29918000
2025-02-20 12:00:00,97207.93000000,97549.88000000,97207.92000000,97428.36000000,625.06274000
2025-02-20 13:00:00,97428.37000000,97566.26000000,97268.51000000,97562.19000000,579.18384000
2025-02-20 14:00:00,97562.20000000,98062.15000000,96877.51000000,96966.91000000,1978.87773000
2025-02-20 15:00:00,96966.92000000,97326.07000000,96799.42000000,96903.77000000,1218.04897000
2025-02-20 16:00:00,96903.76000000,97968.00000000,96888.00000000,97550.73000000,1157.08865000
2025-02-20 17:00:00,97550.73000000,97999.99000000,97541.40000000,97954.95000000,675.22698000
2025-02-20 18:00:00,97954.95000000,98436.00000000,97943.34000000,98295.08000000,1292.67668000
2025-02-20 19:00:00,98295.09000000,98518.00000000,98241.99000000,98422.80000000,694.65442000
2025-02-20 20:00:00,98422.80000000,98711.36000000,98313.73000000,98453.61000000,835.26935000
2025-02-20 21:00:00,98453.61000000,98498.43000000,98000.00000000,98089.46000000,623.55744000
2025-02-20 22:00:00,98089.45000000,98371.66000000,98062.08000000,98134.95000000,336.52181000
2025-02-20 23:00:00,98134.95000000,98510.89000000,98115.00000000,98305.00000000,387.01998000
2025-02-21 00:00:00,98305.01000000,98505.00000000,98084.06000000,98236.32000000,519.87416000
2025-02-21 01:00:00,98236.32000000,98350.00000000,98113.20000000,98312.00000000,439.00436000
2025-02-21 02:00:00,98312.00000000,98373.72000000,98111.11000000,98111.12000000,663.00593000
2025-02-21 03:00:00,98111.13000000,98298.26000000,98085.15000000,98141.99000000,681.75535000
2025-02-21 04:00:00,98141.99000000,98271.15000000,98117.73000000,98204.01000000,473.82511000
2025-02-21 05:00:00,98204.02000000,98389.31000000,98156.94000000,98333.58000000,529.58796000
2025-02-21 06:00:00,98333.59000000,98421.35000000,98292.63000000,98409.99000000,351.55104000
2025-02-21 07:00:00,98410.00000000,98610.17000000,98172.00000000,98179.76000000,701.51737000
2025-02-21 08:00:00,98179.77000000,98261.91000000,98150.00000000,98213.41000000,369.05095000
2025-02-21 09:00:00,98213.41000000,98896.81000000,98111.11000000,98337.70000000,1333.69974000
2025-02-21 10:00:00,98337.70000000,98679.83000000,98240.63000000,98612.00000000,708.61090000
2025-02-21 11:00:00,98612.00000000,98833.11000000,98490.57000000,98629.30000000,1059.33669000
2025-02-21 12:00:00,98629.31000000,98957.93000000,98531.29000000,98904.00000000,884.67204000
2025-02-21 13:00:00,98903.99000000,99475.00000000,98800.00000000,99334.93000000,1714.51363000
2025-02-21 14:00:00,99334.92000000,99380.17000000,98345.69000000,98777.77000000,1637.06895000
2025-02-21 15:00:00,98777.78000000,99333.34000000,97177.31000000,98104.04000000,4683.56662000
2025-02-21 16:00:00,98104.04000000,98757.00000000,97709.92000000,98215.81000000,2505.67226000
2025-02-21 17:00:00,98215.81000000,98430.58000000,96832.01000000,96971.90000000,2514.76545000
2025-02-21 18:00:00,96971.91000000,97223.40000000,96515.49000000,96543.52000000,1909.78074000
2025-02-21 19:00:00,96543.52000000,96829.00000000,95247.15000000,95285.11000000,2511.89738000
2025-02-21 20:00:00,95285.11000000,95671.90000000,94871.95000000,95066.25000000,3052.23437000
2025-02-21 21:00:00,95066.24000000,95480.00000000,95006.13000000,95395.03000000,1568.74037000
2025-02-21 22:00:00,95395.03000000,95930.60000000,95245.49000000,95823.53000000,839.00621000
2025-02-21 23:00:00,95823.53000000,96202.68000000,95666.88000000,96181.98000000,596.54382000
2025-02-22 00:00:00,96181.99000000,96214.59000000,95770.49000000,96185.90000000,768.47820000
2025-02-22 01:00:00,96185.91000000,96451.15000000,96123.72000000,96233.20000000,648.88943000
2025-02-22 02:00:00,96233.20000000,96455.97000000,96107.00000000,96343.22000000,535.98292000
2025-02-22 03:00:00,96343.22000000,96358.00000000,96156.53000000,96299.07000000,294.62585000
2025-02-22 04:00:00,96299.08000000,96470.59000000,96273.85000000,96387.36000000,379.90865000
2025-02-22 05:00:00,96387.36000000,96530.00000000,96312.00000000,96509.83000000,276.29303000
2025-02-22 06:00:00,96509.83000000,96578.99000000,96327.12000000,96395.18000000,421.81388000
2025-02-22 07:00:00,96395.19000000,96511.93000000,96288.09000000,96288.09000000,316.89443000
2025-02-22 08:00:00,96288.09000000,96348.60000000,96159.01000000,96219.80000000,439.13440000
2025-02-22 09:00:00,96219.81000000,96529.79000000,96151.00000000,96493.95000000,763.64740000
2025-02-22 10:00:00,96493.96000000,96583.70000000,96437.24000000,96500.16000000,488.18431000
2025-02-22 11:00:00,96500.17000000,96611.53000000,96500.16000000,96580.00000000,368.66866000
2025-02-22 12:00:00,96580.00000000,96980.00000000,96575.00000000,96823.94000000,584.35002000
2025-02-22 13:00:00,96823.94000000,96916.83000000,96523.98000000,96566.03000000,506.64162000
2025-02-22 14:00:00,96566.04000000,96716.71000000,96498.27000000,96535.90000000,599.34114000
2025-02-22 15:00:00,96535.91000000,96708.43000000,96485.37000000,96592.00000000,600.52191000
2025-02-22 16:00:00,96592.01000000,96811.03000000,96455.00000000,96504.01000000,677.72506000
2025-02-22 17:00:00,96504.01000000,96685.99000000,96476.00000000,96639.38000000,477.95750000
2025-02-22 18:00:00,96639.39000000,96823.53000000,96415.09000000,96449.99000000,543.04760000
2025-02-22 19:00:00,96449.98000000,96645.00000000,96345.49000000,96639.99000000,607.21529000
2025-02-22 20:00:00,96640.00000000,96645.00000000,96508.00000000,96578.01000000,231.41537000
2025-02-22 21:00:00,96578.01000000,96677.69000000,96527.20000000,96658.57000000,257.60903000
2025-02-22 22:00:00,96658.57000000,96700.00000000,96603.77000000,96634.06000000,206.03183000
2025-02-22 23:00:00,96634.06000000,96658.40000000,96472.22000000,96551.01000000,273.79955000
2025-02-23 00:00:00,96551.01000000,96650.00000000,96492.00000000,96643.46000000,317.52544000
2025-02-23 01:00:00,96643.47000000,96643.47000000,96355.17000000,96452.83000000,372.84935000
2025-02-23 02:00:00,96452.83000000,96500.00000000,96387.24000000,96410.27000000,302.49628000
2025-02-23 03:00:00,96410.28000000,96566.04000000,96371.95000000,96414.00000000,333.76565000
2025-02-23 04:00:00,96414.00000000,96520.00000000,96377.35000000,96395.88000000,214.54975000
2025-02-23 05:00:00,96395.88000000,96406.45000000,96194.65000000,96208.62000000,399.58071000
2025-02-23 06:00:00,96208.63000000,96352.95000000,96143.99000000,96342.91000000,280.52995000
2025-02-23 07:00:00,96342.92000000,96558.01000000,96298.37000000,96508.85000000,350.86348000
2025-02-23 08:00:00,96508.85000000,96508.86000000,96308.00000000,96364.32000000,215.88877000
2025-02-23 09:00:00,96364.32000000,96470.59000000,96255.61000000,96286.02000000,332.26349000
2025-02-23 10:00:00,96286.02000000,96298.87000000,96083.33000000,96193.88000000,346.00256000
2025-02-23 11:00:00,96193.89000000,96245.99000000,96085.70000000,96115.99000000,329.09804000
2025-02-23 12:00:00,96115.99000000,96158.50000000,95657.05000000,95732.93000000,768.22512000
2025-02-23 13:00:00,95732.94000000,95979.65000000,95721.33000000,95977.96000000,628.74852000
2025-02-23 14:00:00,95977.96000000,96049.44000000,95544.00000000,95593.89000000,586.69558000
2025-02-23 15:00:00,95593.88000000,95731.73000000,95414.25000000,95436.18000000,769.27792000
2025-02-23 16:00:00,95436.19000000,95624.31000000,95420.50000000,95420.50000000,621.06610000
2025-02-23 17:00:00,95420.51000000,95750.00000000,95227.94000000,95656.78000000,961.97983000
2025-02-23 18:00:00,95656.78000000,95876.00000000,95622.65000000,95740.00000000,745.89738000
2025-02-23 19:00:00,95739.99000000,95849.12000000,95702.08000000,95755.99000000,317.09421000
2025-02-23 20:00:00,95756.00000000,95811.44000000,95680.00000000,95777.70000000,123.97647000
2025-02-23 21:00:00,95777.71000000,95777.71000000,95637.45000000,95755.25000000,218.63363000
2025-02-23 22:00:00,95755.25000000,95940.83000000,95522.78000000,95787.13000000,515.65844000
2025-02-23 23:00:00,95787.14000000,96332.44000000,95774.60000000,96258.00000000,832.18246000
2025-02-24 00:00:00,96258.00000000,96500.00000000,96157.42000000,96247.35000000,788.41339000
2025-02-24 01:00:00,96247.36000000,96339.63000000,95763.43000000,95971.24000000,552.50951000
2025-02-24 02:00:00,95971.25000000,96200.00000000,95752.68000000,95829.35000000,463.98693000
2025-02-24 03:00:00,95829.36000000,95829.36000000,95311.00000000,95433.21000000,836.49275000
2025-02-24 04:00:00,95433.21000000,95597.02000000,95078.01000000,95298.00000000,1274.41220000
2025-02-24 05:00:00,95298.00000000,95764.99000000,95240.01000000,95727.39000000,692.75876000
2025-02-24 06:00:00,95727.39000000,95896.00000000,95609.78000000,95864.31000000,449.42534000
2025-02-24 07:00:00,95864.31000000,95945.00000000,95696.00000000,95872.02000000,661.05123000
2025-02-24 08:00:00,95872.02000000,95945.00000000,95375.89000000,95509.49000000,891.90784000
2025-02-24 09:00:00,95509.50000000,96177.18000000,95499.94000000,95765.76000000,932.58562000
2025-02-24 10:00:00,95765.76000000,95915.97000000,95355.00000000,95631.66000000,915.45093000
2025-02-24 11:00:00,95631.66000000,95860.00000000,95411.01000000,95821.45000000,544.13545000
2025-02-24 12:00:00,95821.45000000,95946.61000000,95679.74000000,95798.46000000,464.81304000
2025-02-24 13:00:00,95798.46000000,96095.32000000,95339.35000000,95594.57000000,1215.76059000
2025-02-24 14:00:00,95594.57000000,95800.00000000,94578.00000000,94674.44000000,2391.99764000
2025-02-24 15:00:00,94674.45000000,94960.00000000,93817.06000000,94323.95000000,3501.03824000
2025-02-24 16:00:00,94323.95000000,94980.00000000,94153.72000000,94434.49000000,1938.90205000
2025-02-24 17:00:00,94434.48000000,95194.59000000,94328.01000000,94644.00000000,1543.22677000
2025-02-24 18:00:00,94644.01000000,94852.59000000,94135.13000000,94161.67000000,855.28907000
2025-02-24 19:00:00,94161.66000000,94559.05000000,93666.22000000,93943.51000000,1261.38223000
2025-02-24 20:00:00,93943.52000000,94571.43000000,93830.66000000,94020.00000000,1459.16938000
2025-02-24 21:00:00,94019.99000000,94349.22000000,93618.00000000,93979.44000000,918.26069000
2025-02-24 22:00:00,93979.45000000,93996.00000000,92368.00000000,92432.06000000,3526.47090000
2025-02-24 23:00:00,92432.07000000,92871.89000000,91349.26000000,91552.88000000,3470.66244000
2025-02-25 00:00:00,91552.88000000,92162.37000000,90912.01000000,91857.29000000,4144.00066000
2025-02-25 01:00:00,91857.30000000,92401.01000000,91165.18000000,92018.41000000,1991.95503000
2025-02-25 02:00:00,92018.41000000,92536.93000000,91595.00000000,92376.68000000,1485.32454000
2025-02-25 03:00:00,92376.68000000,92540.69000000,91944.73000000,92153.93000000,1125.17194000
2025-02-25 04:00:00,92153.93000000,92327.88000000,91812.70000000,91900.01000000,1293.62476000
2025-02-25 05:00:00,91900.01000000,92111.12000000,91706.87000000,92070.34000000,1240.02979000
2025-02-25 06:00:00,92070.35000000,92128.51000000,91206.92000000,91275.99000000,1819.89948000
2025-02-25 07:00:00,91276.00000000,91441.82000000,88200.00000000,89320.01000000,10387.01114000
2025-02-25 08:00:00,89320.01000000,90000.00000000,89012.03000000,89400.53000000,3990.95851000
2025-02-25 09:00:00,89400.54000000,89598.02000000,88289.63000000,88303.73000000,3167.36352000
2025-02-25 10:00:00,88303.74000000,88905.67000000,86888.10000000,88213.77000000,6720.41889000
2025-02-25 11:00:00,88213.76000000,89358.12000000,87618.90000000,89239.39000000,3806.46431000
2025-02-25 12:00:00,89239.39000000,89531.25000000,88908.91000000,89395.98000000,2746.76537000
2025-02-25 13:00:00,89395.99000000,89544.40000000,88750.41000000,88826.11000000,2049.23300000
2025-02-25 14:00:00,88826.11000000,89384.65000000,87077.00000000,87157.25000000,5213.02907000
2025-02-25 15:00:00,87157.25000000,87781.40000000,86050.99000000,87231.26000000,8048.18646000
2025-02-25 16:00:00,87231.63000000,87777.00000000,86157.69000000,87460.00000000,4726.16396000
2025-02-25 17:00:00,87459.99000000,87805.40000000,86831.52000000,87259.99000000,2146.52763000
2025-02-25 18:00:00,87259.99000000,87791.56000000,86918.41000000,87070.07000000,1695.81182000
2025-02-25 19:00:00,87070.07000000,88065.45000000,86508.76000000,87947.25000000,2099.34234000
2025-02-25 20:00:00,87947.24000000,89013.66000000,87622.64000000,88161.03000000,4017.02160000
2025-02-25 21:00:00,88161.03000000,88833.33000000,87761.90000000,88821.00000000,1685.53774000
2025-02-25 22:00:00,88821.01000000,89460.17000000,88512.34000000,88807.64000000,1505.50283000
2025-02-25 23:00:00,88807.64000000,89139.75000000,88675.14000000,88680.40000000,1227.76672000
2025-02-26 00:00:00,88680.39000000,88690.00000000,88148.48000000,88150.00000000,1008.55025000
2025-02-26 01:00:00,88150.01000000,88850.07000000,88149.98000000,88705.66000000,859.07406000
2025-02-26 02:00:00,88705.66000000,89198.23000000,88434.78000000,89018.87000000,797.74749000
2025-02-26 03:00:00,89018.86000000,89414.15000000,88886.35000000,88900.00000000,839.97669000
2025-02-26 04:00:00,88900.01000000,89245.29000000,88673.11000000,88693.95000000,899.05159000
2025-02-26 05:00:00,88693.96000000,88890.00000000,88392.45000000,88423.60000000,988.78032000
2025-02-26 06:00:00,88423.59000000,88940.01000000,88422.79000000,88920.18000000,919.32888000
2025-02-26 07:00:00,88920.18000000,89163.39000000,88399.43000000,88720.02000000,1036.33862000
2025-02-26 08:00:00,88720.01000000,88807.80000000,88138.00000000,88484.54000000,1065.37357000
2025-02-26 09:00:00,88484.54000000,89289.67000000,88464.00000000,89115.98000000,1242.78583000
2025-02-26 10:00:00,89115.99000000,89314.45000000,88882.35000000,89262.66000000,896.12405000
2025-02-26 11:00:00,89262.67000000,89270.00000000,88534.55000000,88616.80000000,971.12242000
2025-02-26 12:00:00,88616.80000000,88674.00000000,87616.24000000,87938.81000000,1495.00066000
2025-02-26 13:00:00,87938.81000000,88090.90000000,87031.73000000,87191.99000000,1626.13903000
2025-02-26 14:00:00,87191.99000000,87741.33000000,85418.72000000,87621.22000000,6538.63785000
2025-02-26 15:00:00,87621.21000000,88530.00000000,87422.00000000,87567.53000000,3566.70518000
2025-02-26 16:00:00,87567.53000000,87806.62000000,86280.82000000,86805.99000000,2995.10715000
2025-02-26 17:00:00,86806.00000000,87303.47000000,85687.81000000,86051.33000000,2306.12765000
2025-02-26 18:00:00,86051.33000000,86498.00000000,83418.00000000,84258.94000000,7003.15035000
2025-02-26 19:00:00,84258.25000000,85084.64000000,83745.88000000,83856.99000000,5331.27874000
2025-02-26 20:00:00,83856.98000000,84620.00000000,82256.01000000,84385.89000000,6344.90853000
2025-02-26 21:00:00,84384.34000000,85131.82000000,83464.00000000,84610.86000000,4334.71538000
2025-02-26 22:00:00,84611.99000000,85400.00000000,84119.97000000,84433.51000000,2622.32191000
2025-02-26 23:00:00,84433.50000000,84782.25000000,83918.38000000,84250.09000000,1205.19789000
2025-02-27 00:00:00,84250.09000000,84808.11000000,84026.96000000,84742.39000000,2478.54167000
2025-02-27 01:00:00,84742.38000000,85466.55000000,84324.01000000,84763.25000000,1558.86472000
2025-02-27 02:00:00,84763.25000000,85214.25000000,84199.46000000,84295.20000000,1689.21881000
2025-02-27 03:00:00,84295.19000000,85342.50000000,84272.91000000,85226.32000000,1178.77310000
2025-02-27 04:00:00,85226.32000000,85369.39000000,84694.29000000,85161.93000000,1354.89632000
2025-02-27 05:00:00,85161.93000000,85944.76000000,85057.67000000,85883.13000000,1433.68123000
2025-02-27 06:00:00,85883.13000000,86737.00000000,85707.64000000,86265.84000000,1364.85224000
2025-02-27 07:00:00,86265.84000000,86600.00000000,86106.26000000,86272.01000000,1336.21438000
2025-02-27 08:00:00,86272.01000000,86447.61000000,85900.00000000,86078.47000000,898.27844000
2025-02-27 09:00:00,86078.47000000,86352.51000000,85846.87000000,86169.81000000,1056.88458000
2025-02-27 10:00:00,86169.81000000,87073.42000000,86026.38000000,87013.46000000,1227.38744000
2025-02-27 11:00:00,87013.47000000,87078.46000000,86389.86000000,86698.60000000,920.03781000
2025-02-27 12:00:00,86698.60000000,86795.90000000,86252.53000000,86330.59000000,997.71723000
2025-02-27 13:00:00,86330.59000000,86769.93000000,85778.98000000,86117.57000000,1960.01107000
2025-02-27 14:00:00,86117.57000000,86411.76000000,84951.51000000,84968.65000000,4500.81704000
2025-02-27 15:00:00,84969.99000000,86145.52000000,84640.75000000,85500.84000000,4924.24541000
2025-02-27 16:00:00,85500.84000000,85691.51000000,84355.04000000,84471.69000000,1998.80556000
2025-02-27 17:00:00,84471.70000000,85039.67000000,84355.05000000,84597.00000000,2099.43718000
2025-02-27 18:00:00,84597.00000000,84990.24000000,84516.00000000,84640.00000000,926.58937000
2025-02-27 19:00:00,84640.00000000,84647.96000000,83614.75000000,84113.98000000,1733.10248000
2025-02-27 20:00:00,84113.98000000,84164.97000000,82716.49000000,83524.98000000,3204.30191000
2025-02-27 21:00:00,83522.02000000,84433.97000000,83223.74000000,84409.18000000,1878.95127000
2025-02-27 22:00:00,84409.18000000,84758.63000000,83881.08000000,84716.34000000,994.53745000
2025-02-27 23:00:00,84716.01000000,84927.84000000,84422.02000000,84708.58000000,789.30768000
2025-02-28 00:00:00,84708.57000000,84892.85000000,84214.43000000,84258.65000000,919.55976000
2025-02-28 01:00:00,84258.65000000,84405.17000000,81111.00000000,81661.55000000,7113.15311000
2025-02-28 02:00:00,81661.55000000,82874.00000000,79532.00000000,80805.50000000,11937.38959000
2025-02-28 03:00:00,80805.50000000,81539.25000000,80256.05000000,80452.44000000,4133.11073000
2025-02-28 04:00:00,80452.89000000,80969.69000000,79400.00000000,80410.50000000,5207.49450000
2025-02-28 05:00:00,80410.49000000,80547.32000000,79152.00000000,79973.79000000,4262.42065000
2025-02-28 06:00:00,79973.79000000,80440.44000000,79034.97000000,79344.56000000,3849.39411000
2025-02-28 07:00:00,79344.56000000,80275.72000000,78820.06000000,79204.59000000,4679.55925000
2025-02-28 08:00:00,79204.60000000,79438.33000000,78258.52000000,78975.99000000,4691.80611000
2025-02-28 09:00:00,78975.98000000,80729.91000000,78896.22000000,80343.11000000,3560.42579000
2025-02-28 10:00:00,80343.11000000,80467.43000000,79544.71000000,80011.02000000,1692.08922000
2025-02-28 11:00:00,80011.02000000,80854.46000000,79981.13000000,80513.38000000,2009.50205000
2025-02-28 12:00:00,80512.97000000,80829.92000000,80075.47000000,80779.61000000,1874.89584000
2025-02-28 13:00:00,80779.62000000,81764.94000000,80621.10000000,81512.42000000,3963.49211000
2025-02-28 14:00:00,81512.42000000,82549.47000000,81072.23000000,82105.05000000,4593.23048000
2025-02-28 15:00:00,82105.06000000,84425.89000000,81998.26000000,84005.05000000,5193.46468000
2025-02-28 16:00:00,84005.05000000,84920.00000000,83426.00000000,84363.69000000,3435.29976000
2025-02-28 17:00:00,84363.68000000,84400.00000000,83584.90000000,83605.12000000,1966.06295000
2025-02-28 18:00:00,83605.11000000,85120.00000000,83196.71000000,84440.97000000,2582.55550000
2025-02-28 19:00:00,84440.97000000,84810.35000000,84209.84000000,84449.99000000,1656.89446000
2025-02-28 20:00:00,84450.00000000,84795.03000000,83600.00000000,84191.27000000,2215.50549000
2025-02-28 21:00:00,84190.51000000,84596.00000000,84000.17000000,84258.37000000,862.30163000
2025-02-28 22:00:00,84258.38000000,84481.14000000,83888.00000000,84149.98000000,650.29671000
2025-02-28 23:00:00,84149.99000000,84548.43000000,84014.00000000,84349.94000000,598.13521000
2025-03-01 00:00:00,84349.95000000,84628.93000000,83824.78000000,83857.92000000,636.60016000
2025-03-01 01:00:00,83857.91000000,84870.68000000,83845.86000000,84656.93000000,1147.78686000
2025-03-01 02:00:00,84656.93000000,85678.11000000,84358.34000000,85240.46000000,2313.11212000
2025-03-01 03:00:00,85240.45000000,85511.91000000,84961.44000000,85330.84000000,1000.29878000
2025-03-01 04:00:00,85330.83000000,86558.00000000,85304.00000000,86190.01000000,1664.09676000
2025-03-01 05:00:00,86190.00000000,86266.25000000,85569.91000000,85588.19000000,871.35628000
2025-03-01 06:00:00,85588.19000000,85663.49000000,84828.86000000,85075.62000000,1526.55776000
2025-03-01 07:00:00,85075.63000000,85075.63000000,84740.15000000,84740.15000000,3116.38081000
2025-03-01 08:00:00,84740.16000000,85335.19000000,84740.15000000,85303.37000000,1088.87896000
2025-03-01 09:00:00,85303.37000000,85508.79000000,85118.03000000,85380.00000000,639.99578000
2025-03-01 10:00:00,85379.99000000,85436.00000000,84800.00000000,84900.01000000,1584.91058000
2025-03-01 11:00:00,84900.01000000,84967.92000000,84382.62000000,84632.79000000,1523.87619000
2025-03-01 12:00:00,84632.79000000,84943.08000000,84477.25000000,84758.86000000,1051.89415000
2025-03-01 13:00:00,84758.86000000,84935.68000000,84334.39000000,84532.24000000,1237.26383000
2025-03-01 14:00:00,84532.25000000,84858.56000000,84423.98000000,84713.99000000,638.44367000
2025-03-01 15:00:00,84714.00000000,84924.53000000,84560.89000000,84800.00000000,629.19528000
2025-03-01 16:00:00,84800.01000000,85298.79000000,84700.00000000,85274.82000000,935.29327000
2025-03-01 17:00:00,85274.81000000,85373.40000000,84958.05000000,85214.70000000,999.09519000
2025-03-01 18:00:00,85214.69000000,85338.64000000,85075.47000000,85327.57000000,410.57763000
2025-03-01 19:00:00,85327.58000000,85591.84000000,85207.54000000,85485.41000000,490.48001000
2025-03-01 20:00:00,85485.41000000,85595.95000000,85339.62000000,85537.73000000,370.51549000
2025-03-01 21:00:00,85537.73000000,86150.00000000,85285.88000000,86076.86000000,646.38322000
2025-03-01 22:00:00,86076.86000000,86262.74000000,85668.30000000,86116.35000000,814.11210000
2025-03-01 23:00:00,86116.36000000,86200.00000000,85679.24000000,86064.53000000,447.94976000
2025-03-02 00:00:00,86064.54000000,86318.18000000,85801.00000000,86026.62000000,551.73014000
2025-03-02 01:00:00,86026.62000000,86377.44000000,85990.00000000,86354.93000000,560.64417000
2025-03-02 02:00:00,86354.94000000,86498.00000000,85611.79000000,85774.01000000,845.94134000
2025-03-02 03:00:00,85774.01000000,86219.82000000,85773.59000000,85873.07000000,445.52217000
2025-03-02 04:00:00,85873.06000000,85886.00000000,85531.87000000,85752.80000000,704.94079000
2025-03-02 05:00:00,85752.80000000,86048.61000000,85672.84000000,85957.51000000,350.53721000
2025-03-02 06:00:00,85957.51000000,86589.97000000,85923.58000000,86277.65000000,583.42796000
2025-03-02 07:00:00,86277.66000000,86350.00000000,86075.09000000,86232.42000000,577.23760000
2025-03-02 08:00:00,86232.42000000,86263.23000000,85708.93000000,85754.71000000,704.89479000
2025-03-02 09:00:00,85754.72000000,86120.00000000,85633.13000000,85901.30000000,567.84232000
2025-03-02 10:00:00,85901.30000000,86008.81000000,85792.45000000,86006.00000000,442.91374000
2025-03-02 11:00:00,86006.01000000,86220.22000000,85954.00000000,86105.89000000,365.30841000
2025-03-02 12:00:00,86105.88000000,86105.89000000,85750.00000000,85986.18000000,363.10992000
2025-03-02 13:00:00,85986.19000000,86000.00000000,85477.81000000,85710.81000000,554.51268000
2025-03-02 14:00:00,85710.81000000,85911.84000000,85050.60000000,85107.45000000,1406.02942000
2025-03-02 15:00:00,85107.45000000,88673.09000000,85075.47000000,87427.99000000,7619.50810000
2025-03-02 16:00:00,87428.00000000,91959.99000000,87278.51000000,91200.00000000,11741.72701000
2025-03-02 17:00:00,91200.00000000,95000.00000000,90636.00000000,94093.75000000,11108.97765000
2025-03-02 18:00:00,94093.74000000,94399.80000000,92364.39000000,92794.19000000,5106.30539000
2025-03-02 19:00:00,92794.19000000,93555.81000000,92608.69000000,93522.00000000,2361.41051000
2025-03-02 20:00:00,93522.01000000,94446.27000000,93502.00000000,94330.00000000,2236.99961000
2025-03-02 21:00:00,94330.00000000,94419.83000000,93670.72000000,94298.00000000,1491.71759000
2025-03-02 22:00:00,94298.01000000,94760.00000000,93911.11000000,94247.40000000,1309.20675000
2025-03-02 23:00:00,94247.40000000,94883.51000000,93800.00000000,94270.00000000,2888.64518000
2025-03-03 00:00:00,94269.99000000,94416.46000000,93289.79000000,93314.89000000,1894.72864000
2025-03-03 01:00:00,93314.89000000,93419.99000000,92649.58000000,93084.64000000,1902.36584000
2025-03-03 02:00:00,93084.64000000,93442.83000000,92433.50000000,93318.24000000,1492.22069000
2025-03-03 03:00:00,93318.23000000,93437.68000000,92450.00000000,92709.98000000,1333.44949000
2025-03-03 04:00:00,92709.98000000,92947.67000000,92590.25000000,92866.00000000,996.20708000
2025-03-03 05:00:00,92866.01000000,93361.46000000,92830.44000000,93344.00000000,1122.18278000
2025-03-03 06:00:00,93344.78000000,93344.78000000,91341.64000000,91645.99000000,2089.28035000
2025-03-03 07:00:00,91646.00000000,92564.30000000,91181.00000000,92363.58000000,1644.84850000
2025-03-03 08:00:00,92363.58000000,92394.03000000,91142.00000000,91477.54000000,1993.37636000
2025-03-03 09:00:00,91477.54000000,92082.75000000,91190.27000000,91847.76000000,1993.82412000
2025-03-03 10:00:00,91847.76000000,92581.86000000,91546.71000000,92546.77000000,1133.77337000
2025-03-03 11:00:00,92546.76000000,92917.99000000,92415.57000000,92739.99000000,1193.27894000
2025-03-03 12:00:00,92740.00000000,93255.58000000,92663.19000000,93027.34000000,1342.19068000
2025-03-03 13:00:00,93027.35000000,93690.00000000,92882.38000000,93586.83000000,1261.80234000
2025-03-03 14:00:00,93586.82000000,93721.37000000,89136.45000000,89278.88000000,6172.59027000
2025-03-03 15:00:00,89264.51000000,91307.00000000,89117.00000000,90035.37000000,5771.66863000
2025-03-03 16:00:00,90035.38000000,90750.91000000,89691.02000000,90154.00000000,2111.23659000
2025-03-03 17:00:00,90154.00000000,91000.00000000,89912.00000000,90300.01000000,1626.75033000
2025-03-03 18:00:00,90300.01000000,90450.47000000,86781.98000000,87132.80000000,7319.60685000
2025-03-03 19:00:00,87132.80000000,87724.13000000,85555.45000000,85606.00000000,5058.10691000
2025-03-03 20:00:00,85606.01000000,86412.00000000,85200.01000000,86074.00000000,5130.45282000
2025-03-03 21:00:00,86073.99000000,86582.12000000,85117.11000000,85374.33000000,1914.40913000
2025-03-03 22:00:00,85374.33000000,87038.46000000,85308.00000000,86650.96000000,1533.83791000
2025-03-03 23:00:00,86650.96000000,86808.00000000,86000.00000000,86220.61000000,1138.91356000
2025-03-04 00:00:00,86221.16000000,86807.98000000,85880.00000000,86046.43000000,1487.09374000
2025-03-04 01:00:00,86046.43000000,86196.00000000,82641.51000000,83380.55000000,5790.28933000
2025-03-04 02:00:00,83380.72000000,84413.62000000,82464.84000000,83936.41000000,4168.58785000
2025-03-04 03:00:00,83936.41000000,84465.48000000,83602.81000000,83983.72000000,1821.83781000
2025-03-04 04:00:00,83983.73000000,84037.74000000,83315.90000000,83416.95000000,1308.62514000
2025-03-04 05:00:00,83416.95000000,84581.60000000,83354.27000000,84273.99000000,1392.08932000
2025-03-04 06:00:00,84274.00000000,84411.76000000,83584.90000000,83883.58000000,854.00368000
2025-03-04 07:00:00,83884.06000000,84024.00000000,83140.00000000,83186.40000000,1401.07810000
2025-03-04 08:00:00,83186.40000000,83934.51000000,83040.29000000,83893.09000000,1496.65224000
2025-03-04 09:00:00,83893.09000000,84181.53000000,83642.01000000,83748.00000000,990.95954000
2025-03-04 10:00:00,83748.00000000,84067.02000000,83492.02000000,83971.93000000,845.80624000
2025-03-04 11:00:00,83971.93000000,84373.84000000,83698.11000000,83937.94000000,1132.88002000
2025-03-04 12:00:00,83937.93000000,83979.66000000,83248.66000000,83763.73000000,1007.91883000
2025-03-04 13:00:00,83763.73000000,83764.56000000,82300.00000000,82804.00000000,2427.20219000
2025-03-04 14:00:00,82804.00000000,84977.65000000,82062.06000000,83201.41000000,6008.25724000
2025-03-04 15:00:00,83201.40000000,83373.42000000,81500.00000000,82985.06000000,4824.82043000
2025-03-04 16:00:00,82985.05000000,83825.72000000,82013.11000000,83555.37000000,2320.23524000
2025-03-04 17:00:00,83555.50000000,85529.80000000,83406.37000000,85443.89000000,2938.55269000
2025-03-04 18:00:00,85443.88000000,86927.68000000,85148.68000000,86764.24000000,2506.83663000
2025-03-04 19:00:00,86764.25000000,88487.91000000,86537.71000000,88206.19000000,4362.43625000
2025-03-04 20:00:00,88206.19000000,88840.03000000,86692.90000000,86825.27000000,2560.35950000
2025-03-04 21:00:00,86825.27000000,88967.52000000,86582.27000000,87517.49000000,2669.37298000
2025-03-04 22:00:00,87517.49000000,87969.77000000,87416.00000000,87486.00000000,666.89699000
2025-03-04 23:00:00,87485.99000000,87747.30000000,87088.96000000,87281.98000000,626.31508000
2025-03-05 00:00:00,87281.98000000,87281.98000000,86334.53000000,86800.36000000,1522.96488000
2025-03-05 01:00:00,86800.36000000,87794.52000000,86603.78000000,87643.11000000,1122.00439000
2025-03-05 02:00:00,87643.11000000,87888.88000000,87029.56000000,87466.55000000,1118.23188000
2025-03-05 03:00:00,87466.55000000,87888.00000000,86777.00000000,86843.40000000,1006.57606000
2025-03-05 04:00:00,86843.40000000,87398.00000000,86722.81000000,86915.94000000,1897.85746000
2025-03-05 05:00:00,86915.93000000,87245.00000000,86848.46000000,87145.98000000,684.96672000
2025-03-05 06:00:00,87145.99000000,87588.60000000,87000.00000000,87490.12000000,549.24596000
2025-03-05 07:00:00,87490.13000000,87727.27000000,87360.10000000,87619.49000000,751.77648000
2025-03-05 08:00:00,87619.49000000,87924.68000000,87600.00000000,87760.00000000,607.65237000
2025-03-05 09:00:00,87760.00000000,88829.68000000,87673.04000000,88469.01000000,1438.43365000
2025-03-05 10:00:00,88469.00000000,90660.00000000,88363.13000000,89926.07000000,3368.49428000
2025-03-05 11:00:00,89926.07000000,90127.00000000,89564.00000000,89814.26000000,1336.71799000
2025-03-05 12:00:00,89814.26000000,90933.82000000,89814.26000000,90355.97000000,2250.85661000
2025-03-05 13:00:00,90355.97000000,90588.00000000,89103.52000000,89473.92000000,3234.22601000
2025-03-05 14:00:00,89473.92000000,89839.01000000,88157.25000000,88519.93000000,3303.02094000
2025-03-05 15:00:00,88519.94000000,89550.72000000,87926.06000000,88344.25000000,3436.16876000
2025-03-05 16:00:00,88344.25000000,88431.18000000,87622.64000000,87982.00000000,855.11816000
